0,-1.23888,-16.7275,28.0108,-11.3844,0,0.1,0,0,0,0.206899,-0.0769231,0.6,0.0666667,0,0.0738095,0,0,-0.307476,-1.6713,0.5,0.0026455,0.237101,0.0026455,0.0912698,0.357937,0.849976,0.220106,1.08862,-1.15281,-0.426108,0.00246305,0.424138,0.00246305,0,0.00738916,0.00246305,0.0333333,0.428571,0,0,0,0.113247,0.0333333,-3.28496,0.00492611,-0.0151515,0,0,0,0,0.605977,-0.89499,0,0,0.307143,0,0,0,0,-5.68434e-14,0,0,0,0,0,0,0.05,1.77636e-15,0,0,0,0,0,0.340476,0,0,0,0,0,0.166667,0,0,0,0.0666667,0,0.00246305,0,0,0,-0.0975369,0,0,0,0,0,0,0,0,0.166667,0,-0.166667,0,0.159574,0,1.9611,0.157143,0,0,0,0,0,0,
1,-0.780546,-201.715,41.9423,15.4641,0,1.22701,-0.278175,0.515168,0,-11.8866,0.122122,0.60725,3.23584,2.76482,-11.6468,2.41842,0,78.952,-9.31642,-11.2218,-0.354366,7.34742,4.16281,0.317021,5.01412,43.2025,5.03241,5.18611,-29.4233,-1.91528,3.50761,5.98109,0.541562,-0.158434,2.00625,0.999581,0.213328,3.35667,2.21262,0.0840328,-0.161741,-6.69259,0.21544,7.05476,9.8898,-5.56608,-1.27222,0.0723276,0.454943,-0.2,4.84494,-15.2421,2.78357,0.696246,1.53524,0.027972,0.43616,-0.084127,0.603652,3.55456,1.17339,0.027826,0,0.0950481,0,0.841291,0.543143,0.18173,1.50468,0.0128205,0.958826,1.37143,0.102255,3.93635,0,0.276648,2.97931,0.190476,0,3.26439,0.763948,0.331874,0,0.866042,0.408207,0.017991,0,0.12118,0.815743,1.58432,0,0,-0.487179,0,0.178344,0,0.27261,0,0.141581,0.038961,0.184332,0,-8.9594,1.57896,23.7733,0.436852,-0.491286,0.0317303,0.264476,0,0,0,
2,0.302147,56.7136,-843.094,11.2674,0,0.871427,4.99727,3.05849,0,4.82784,5.75781,-43.306,11.1433,4.59068,-7.20071,10.3801,0.0857143,352.796,13.9022,19.589,7.76461,-8.92538,-8.7444,10.4152,4.55261,-9.42293,-3.10323,-7.56504,14.5563,1.17002,1.1682,-10.1231,3.96513,8.45986,-11.1339,5.63877,-13.4228,5.05947,10.1779,1.06911,7.12657,8.37691,-14.563,94.4584,9.28699,4.96644,0.906105,0.762396,4.14071,1.56035,7.27878,82.4576,19.2379,5.92897,-12.2441,0.143124,1.55438,0.447083,0.114478,19.9759,2.16681,0.157436,0.418091,6.04256,0,3.57387,-5.48042,1.2269,22.2674,1.92949,16.0826,5.17727,4.64796,-15.0243,0,3.08659,9.97902,0.352607,0.455495,10.9742,3.56436,9.71089,0,-10.4903,3.50892,0.682419,0,2.67917,0.90563,6.70756,0,0,2.50466,0,0.909058,0,-0.592664,0,2.34595,0.294372,4.00328,0.327656,-7.00382,18.4661,43.2574,-6.21779,3.87327,0.0550209,2.32052,0,0,0,
3,-0.744439,13.6323,45.4305,-114.263,0,0.69821,-0.370551,0.0859654,0,-10.8836,-2.45574,5.82233,18.9904,-0.244104,2.05106,-0.083974,0,38.4756,-12.1082,1.29897,-0.715289,0.971812,0.868991,0.31458,1.78178,1.79599,1.71471,3.09928,4.62699,-0.520197,0.498738,1.14184,0.634551,0.138902,0.285215,0.108157,0.665687,1.04633,0.974265,0.331162,0.0227106,-4.8438,1.41711,-21.9278,0.188679,0.27571,0,0,-0.0281513,-0.125,19.9962,-16.5542,0.822916,0.423653,1.46895,0,0.0741135,-0.148352,0.0232759,0.0773459,0.602817,0.013147,-0.14899,0.0260866,0,0.62166,0.471801,-0.124542,-0.535679,0.15,-0.0756228,0.421449,0.128553,0.880653,0,0.181784,0.174049,0,0.333333,2.07977,0.188205,-0.300426,0,0.583537,0.131111,-1.26934,0,0.571883,0.674603,-0.783478,0,0,0,0,0.00958365,0,0,0,1.17221,0.010989,-0.845238,0,1.3934,0.486865,6.44626,0.513531,-0.531322,0,0.0885655,0,0,0,
4,0,0,0,0,-2.2381,-0.238095,0,0.047619,0,-1.13687e-13,0,0,0,0,0,0,0,1.69524,0.047619,0,0,0,0,0,0,0,0,0.314286,0.314286,0,0,0,0.228571,0,0,0,0,0,0,0,0,0,0,0.047619,0,0,0,0,0,0,0.047619,0.047619,0.047619,0,0.0952381,0,0,0,0,-5.68434e-14,0,0,0,0,0,0,7.10543e-15,1.77636e-15,0,0,0,0,0,0,0,0,0.133333,0,0,0,0,0,0,0,0,0,0,0,0,-0.771429,0,0,0,0,0,0,0.133333,0,0,0,0,0,0.047619,0,0,0,0,0,0,0,0,0,
5,0,1.13598,1.51561,-0.343615,-1.2619,-103.098,-6.94419,2.59301,0,12.8336,0,0,0.0357143,0.349425,0.589689,0.775467,0,43.1256,-0.612654,0,-1.37494,0.213217,2.21944,-0.637576,1.62378,0.526146,0.661087,-21.7549,5.67056,0.333333,0.104807,0.975589,-9.16096,0.211111,-0.211111,0.199834,0.562697,0.902713,1.59204,-5.63577,0.451515,-0.222222,0.413791,-21.4853,0.0635642,0.199134,0,0,-0.37381,0.0333333,1.30716,3.37249,5.30203,3.15608,0.108969,0.0613054,0,0,0,-0.171298,0.700866,0,0.0857143,-0.619048,0,0.149603,0.0769195,0.0357143,-1.20307,0,0.436869,0.0410256,0.155556,0.225513,0,0.118299,-0.926032,0.135885,0.00163265,-1.91603,-0.113828,-1.02109,0,0.056514,0.258333,0,0,0.279158,0.25713,75.4583,0,0,2.6573,0,0,0,-0.326203,0,-0.0395604,0,0.909646,0,0.107143,2.44518,0.894632,0,0.718537,0,0.0277778,0,0,0,
6,0,0.537484,7.87053,0.652857,-0.142857,-8.19626,-37.2908,-8.6524,0,0.738332,0.0157509,0.17053,0.138158,0,0.393254,-1.36838,0,8.49229,1.87365,0.0229437,-0.0759892,0.0333333,0.282749,0.446429,0.701485,1.19889,1.19814,-0.339515,-2.26451,0,0.94381,0.470553,-8.85171,0,0,0.254343,9.98055,-0.210354,0.19272,-0.288124,0.0896104,0.0555556,0.499097,3.32654,0.0932749,-0.639516,0,0,0,0.333333,0.441212,15.3655,-9.9396,0.00811216,1.27179,-0.776923,-0.495238,0,0,1.55628,0.1,0,0,0.0047619,0,0.00833333,0.296208,0.375,1.11728,0,12.7547,0.114286,0.00833333,0.00526316,0,0.925894,0.456856,0.02404,0.017561,0.119048,0.264765,-0.0759892,0,0.122927,0.0920635,0.010989,0,0.0536209,0.112181,1.52618,0,0,0.0342216,0,0,0,0.112181,0,0.0047619,0,0,-0.142857,0.336696,0.0444444,0.115433,0.137698,0.806277,0,0,0,0,0,
7,0,0.623208,2.88571,-0.0500141,0.047619,2.39974,-3.81556,-78.5895,0,2.92895,0.00665584,0.202092,0.478584,0.236508,0.908236,-3.96887,0,50.6218,-0.425514,-0.0281053,0.0866828,-7.57802,0.0124116,0.76264,2.9379,1.16265,0.763854,5.09507,2.45739,1.04592,-0.025466,0.999749,4.66802,0.129437,0.059596,0.369894,1.80363,-6.21973,-3.4568,0.0851268,-0.291667,0.0959779,0.0621024,3.1213,0.1,0.0935786,0,0.154157,0.467734,0.48478,0.736324,9.87215,2.82579,0.0314815,1.54246,0.550194,0.394444,2.75689,-0.264957,2.20611,0.262907,0,0,0.0315657,0,0.20953,1.29872,1.0838,0.377526,0,-3.70397,0.0401003,0.222497,0.0903864,0,-4.39635,1.31015,0.507948,0.0162924,-0.21562,3.26431,0.17839,0,0.252082,0.386053,0.0175824,0,-5.85918,2.72851,1.42877,0,0,0.612908,0,0,0,0.0652553,0,0.369318,0,0.0604396,-0.142857,0.189637,1.12826,-0.327862,-0.106952,-5.94996,0,0.00948718,0,0,0,
8,0,0,0,0,0,0,0,0,0,-1.13687e-13,0,0,0,0,0,0,0,0,0,0,0,0,0,0,0,0,0,0,0,0,0,0,0,0,0,0,0,0,0,0,0,0,0,0,0,0,0,0,0,0,0,0,0,0,0,0,0,0,0,-5.68434e-14,0,0,0,0,0,0,0,0,0,0,0,0,0,0,0,0,0,0,0,0,0,0,0,0,0,0,0,0,0,0,0,0,0,0,0,0,0,0,0,0,0,0,0,0,0,0,0,0,0,0,0,0,
9,0.229314,-18.5285,-13.8671,-14.9459,0,9.33334,0.906948,2.92624,0,-379.005,0.408089,13.6991,-12.9379,1.21063,10.6828,10.6185,0,82.1094,22.6144,0.0970299,0.910817,1.26458,-0.925172,2.88818,-20.2152,-17.5795,-4.3753,7.82411,8.26252,1.03101,7.57306,6.63242,1.76259,2.20733,-0.0750822,12.1308,-0.569103,4.88743,49.0238,-9.0509,-10.3929,7.07827,-17.0345,35.8027,1.40483,0.24247,0.080624,0,2.51248,0.621663,8.60264,41.1857,3.575,1.07413,2.16731,0,10.3923,0.192929,0.4,-0.644247,-10.4484,-1.00169,-4.02493,1.36389,0,2.10916,0.660453,0.560514,0.478951,0.266667,1.21264,58.2035,0.276232,9.89523,0,1.58582,14.3248,0.041773,0.0165631,1.10106,1.1163,2.59004,0,0.680115,1.41182,0.522193,0,0.340287,0.141339,-30.8406,0,0,-1.14456,0,0.0411765,0,0.166869,0,1.21223,0.38143,0.302111,1.85072,1.30411,7.32513,76.917,1.96876,0.943039,0,-0.273439,0,0,0,
10,-0.125,0.111672,4.10653,-21.6808,0,-0.111111,0.14357,0.00665584,0,-3.03954,-10.1411,-10.1961,-17.6635,-0.0380952,-0.017316,0.0616124,0,5.20337,0.349525,0.0133117,-0.21267,0.451415,0.282051,1.32249,0.00693277,0.11746,0.0319549,0.263155,0.297619,-0.1,-0.047619,0.104949,0.0157509,-0.0369048,0.108009,0.131926,-0.104981,0.1,0.0982456,0,-0.584127,-0.650779,0.0212406,-4.31269,0.357692,0.0649573,0,0.00665584,0.732584,0,44.7666,2.67924,1.36068,0.951876,1.81434,0,0.0649958,0,0,-0.0823593,-0.0606061,0,-0.0606061,-0.268651,0,0.0409174,7.10543e-15,0.00665584,0.0857143,-0.125,0.0179625,0,0,0.149251,0,0,0.119048,0,0.666667,0.81084,0,-0.106777,0,0.0410714,0,0.0240842,0,-1.3656,-0.58254,-0.150794,0,0,0,0,0,0,0,0,0.0667097,0,-0.666667,0,0.53276,0,3.77472,0.0476456,-0.00119048,0,0,0,0,0,
11,0.0166667,1.15561,8.16852,5.39534,0,-0.0833333,0.197198,0.224856,0,12.8031,-5.6083,-117.545,4.46195,0.0952381,1.02954,-1.05493,0,10.7031,1.24753,3.17593,0.571904,0.822211,1.15266,50.1055,0.465942,1.0599,1.44878,14.8868,0.163049,0,0.145321,0.334902,0.184797,-2.04662,1.84761,-0.510866,-0.179984,0.113136,8.25437,0.477309,-10.4777,1.39616,0.553395,20.7291,0.603109,0.291342,0,0.739719,0.00662393,0,6.41311,14.3575,2.84973,0.175026,1.64493,0,0.46338,0.0297619,0,4.00359,0.0679411,0,0.0167189,-7.57824,0,2.66431,0.34687,0.0865801,0.424251,-1.42692,1.03692,0.432051,0,0.568292,0,0.0321839,0.827484,0,0,0.939959,0.0519481,-2.16423,0,0.54814,0.423459,0,0,0.354582,0.0721001,0.10969,0,0,0.0634921,0,0,0,0.0159151,0,-10.4632,0.151515,-0.153846,0.0833333,0.564726,-0.116995,-36.3699,0.436453,0.488456,0,0.00695652,0,0,0,
12,0.0833333,2.85844,9.56978,20.095,0,0.0436654,0.184211,0.363692,0,-11.1438,-2.07144,5.22831,-103.352,-0.113448,0.888925,2.70681,0,52.2096,-11.6507,0.453873,-0.576917,0.988456,1.11665,0.699587,3.39599,2.66217,1.43866,2.27576,3.08542,-0.419421,0.245058,0.8701,0.728601,-0.33757,0.664995,0.495081,0.386191,1.04903,1.09439,0.444985,0.00882173,0.476255,0.263317,-9.93455,1.24862,0.00952381,0,0.0585137,2.0726,0,22.2146,5.61934,0.70217,0.555746,2.25931,0,0.112125,0.00526316,0.0285391,0.459929,0.360344,0.16696,-0.14899,0.785755,0,0.462457,0.418691,0.334269,0.18648,0.0357143,1.02261,0.437017,0.0381208,0.114404,0,0.0151515,1.2889,0.0974026,0.287939,3.6662,0.39934,-0.455364,0,0.940406,0.244489,0.0640756,0,-7.37095,-3.35407,0.246677,0,0,0,0,0.0101011,0,0,0,0.588964,0,-0.403509,0,-4.25013,0.486108,-9.60392,-0.0153509,-0.0386225,0.0277778,0.0926317,0,0,0,
13,0,2.0581,4.55012,-0.207795,0,0.2625,0,-0.0277778,0,1.61138,0,0.275,0.121752,-48.181,17.4821,-17.1002,-0.766667,28.6322,-16.08,0.134524,0.00301873,0.141074,0.17619,-0.104105,1.80259,2.13217,2.08282,3.48971,1.04503,-0.320413,0.276327,0.464797,0.00367935,0.1164,0.034725,0.136539,0.386346,1.22685,-0.393056,0.00584795,0,0,0.0731111,0.351587,0.284944,0.00952381,0,0,-0.16074,0,0.666465,4.06802,0.191667,-0.0011728,1.69701,0,0.0333333,0.0111111,0.215339,0.612527,-0.29368,0,0.00180914,0.010989,0,0.266667,0.0186685,0.0201735,12.1859,0,0.90543,0.601885,0.0257869,1.03007,0,0.514091,-0.966115,0,0.036151,-1.08224,0.276234,0.00482787,0,0.135967,0.695815,0,0,0.010989,-3.55271e-15,0.219791,0,0,0,0,0,0,0.0779221,0,0.377652,0,0.0670795,0,-9.01202,0.518476,0.0795763,-0.307702,0,0,0.0563425,0,0,0,
14,0,-12.5693,-15.5677,0.394118,0,0.326872,0.391422,0.515078,0,7.65499,0,-0.908694,0.473668,26.4612,-169.631,4.34807,1.25238,56.7356,5.15649,-0.0624222,0.201849,0.285971,-0.0997594,1.73359,8.14144,-11.7036,3.5192,3.13783,2.15772,1.72429,-0.763081,1.34796,0.678745,0.327301,-0.14164,12.6233,-7.74035,-9.85783,0.961965,0,0.121934,0.179181,-0.295641,4.58753,0.339957,0.805919,0.080624,0.160617,0.731941,0.698727,0.617805,20.1484,0.526263,0.704442,1.80258,-0.0833333,0.152381,0.100122,-0.468143,7.42187,1.2555,0,0.427263,0.0181818,0,0.718448,0.0380952,0.141176,19.0894,0,8.13494,-8.62002,3.44799,12.8626,0,1.62818,2.07117,0.00952381,0,0.546898,0.526128,0.278389,0,0.0855944,2.19284,0.0128205,0,0.0964136,0.0727795,0.576234,0,0,0.0756303,0,0,0,0.12667,0,0.153207,0,0.0634921,0.0291708,3.3854,0.908912,6.13421,-6.38326,0.134174,0,-0.077246,0,0,0,
15,0,1.13154,7.62089,-0.135533,0,0.69703,-0.0339013,-2.95346,0,7.91277,0.0614834,-0.377012,2.74846,-9.08336,3.66428,-145.785,0.0222222,58.8917,7.77743,1.33572,0.16981,3.29099,1.18414,0.963556,10.1683,5.31978,9.17925,14.9184,6.11241,0.772951,2.90434,10.6538,-6.60294,0.0676261,0.927165,0.783822,0.540026,1.9105,-7.78984,0.902155,0.0537356,1.00259,2.78515,-1.69579,0.0619302,0.0910611,0.0091954,0.182356,0.214018,0.117647,2.43596,12.0336,0.921963,0.134023,4.79643,0,0.826991,0.20951,0.707525,0.429072,0.566757,0.00833333,0.018528,0.242459,0,0.615052,2.45351,0.962166,4.66248,0,4.67118,0.101019,0.122246,0.481421,0,-5.5578,-11.3653,0.946299,0.324882,-21.8961,2.98745,1.98258,0,3.54713,0.846778,0.00833333,0,1.03684,-1.85528,2.54801,0,0,0.369253,0,0.0744382,0,0.381717,0,0.676133,0.0508159,3.13898,0.280952,0.575638,1.76485,-13.6281,0.0568629,2.03504,0.00833333,0.56714,0,0,0,
16,0,0.292036,1.94021,0.05,0,0.05625,0,0,0,0.113889,0,0.075,-0.141667,-18.9452,13.8607,-3.41488,-1.53333,-3.39899,-2.71141,0.0625,0,0,0,0,0.532747,1.00694,0.924278,1.46756,-0.0649351,0,0.116883,0,-0.0333333,0.0571429,-0.0571429,0,0.186228,0.294643,-0.114583,0,0,0,0,-0.0234848,0,0,0,0,0,0,0.0333333,1.63747,0,0.0444444,0.589286,0,0.0166667,0,0,0.458369,0,0,8.88178e-16,0,0,0,0,0,5.84009,0,0.410038,0.605556,0,0.382711,0,0.312771,0.0352092,0,0,-0.0340909,0.0030303,0,0,0,0.22767,0,0,0,0,-0.212229,0,0,0,0,0,0,0.038961,0,-0.00909091,0,0,0,-1.14841,0.0430556,0.00808081,0.0940657,0,0,0.025,0,0,0,
17,0.0500821,-0.0655778,331.274,61.6457,2.42857,-0.532482,17.5725,9.26528,0,21.5578,1.62492,15.7878,11.4879,-12.8603,21.3343,31.551,0.216667,-1681.61,71.1624,16.7916,8.17401,9.12245,-25.5874,9.09848,23.016,49.9971,11.494,47.2178,0.814071,20.7078,28.9102,59.1923,17.5873,14.6241,-8.65371,-8.58498,-1.12144,-29.4561,-0.788618,14.2994,6.06089,11.1111,11.1969,154.829,0.62365,14.3666,1.19062,1.77026,22.8969,1.67615,24.939,155.338,-16.2143,12.4991,15.078,0.500916,2.79146,1.12258,2.27716,78.8407,5.21972,0.261128,0.426921,6.8567,0,-12.4758,7.20512,-0.801572,40.5046,0,8.38838,7.41844,5.82771,19.3243,0,32.2914,49.472,-2.81712,1.33913,33.3756,2.40275,18.9619,0,-3.8299,-7.33535,-2.13868,0,32.544,-5.73629,-48.3517,0,0,6.72661,0,0.536042,0,3.78178,0,-11.7083,8.13247,1.54824,0.471429,14.9114,15.7613,84.8338,11.9787,11.1964,0.155576,1.53231,0,0.166667,0,
18,0.22907,-0.850851,14.0593,-13.0758,0.047619,0.766575,0.00860806,0.723427,0,19.4242,-0.01168,1.12,-10.0609,-7.9321,5.46436,8.14808,0.0888889,66.7544,-241.274,0.562903,-0.21087,-5.52106,1.01283,0.217407,1.87454,2.2205,5.40015,16.078,64.3204,-15.4493,2.79123,4.15286,7.21623,4.02646,-5.85001,4.26865,0.296291,17.3191,1.59212,0.32766,0.15,1.60479,3.26106,-35.4667,-2.33629,0.469352,0.0851852,0.026087,0.346372,0.0571429,10.0509,-1.36483,0.218697,-1.91649,-3.57684,0,0.266667,0.299084,6.72056,3.83933,-13.6434,0.0178571,0.0694859,0.352381,0,0.827506,0.398103,0.129544,2.29977,0,0.782767,2.0534,0.365331,2.59261,0,1.29398,8.5619,0.0233766,1.34658,24.715,1.79647,1.10438,0,1.1861,0.225427,0.0467854,0,0.0413637,0.199468,6.90159,0,0,0.653873,0,0.000904568,0,0,0,0.611982,0,-0.409261,3.69517,10.7619,0.86452,5.78457,0.128649,0.38853,-0.102778,0.191787,0,0.733333,0,
19,-0.0357143,-10.2608,18.3761,1.38133,0,0.652244,0.0229437,-0.308639,0,1.29448,0.0134339,2.66266,0.504041,0.143358,-0.312772,1.30536,0,16.0256,-1.16005,-76.0337,-8.06592,-10.9053,-3.33898,-8.6406,18.9121,-10.2097,-13.556,16.6625,-1.46797,0.0644149,0.059523,2.93483,0.111883,0.198227,-0.0961064,0.074982,0.34799,0.708976,0.10641,0.278599,0.0859807,0.235561,1.65524,22.9664,0.709597,0.939851,0.0904762,0.520838,0.746786,0.198943,-0.240669,1.2181,0.91987,0.0101493,1.78223,0,-0.302195,0.022619,0,0.664007,0.0888889,0,0,0.46766,0,0.390677,0.451198,0.142795,1.07017,-0.0769231,0.60823,0.0586341,0.0138889,0.245501,0,1.12812,2.73934,0.0341159,0.0971582,5.85558,0.786479,2.58689,0,0.765898,0.137018,0,0,0.920574,-0.0274466,0,0,0,0.458095,0,1.77753,0,0.5,0,0.234719,0,0.133369,0,-0.415132,1.40614,2.84179,0.684634,1.00721,0,2.21365,0,0,0,
20,0.0026455,-1.42774,7.35574,0.93245,0,-0.319744,0.03,0.0940375,0,0.719371,0,0.523594,0.527714,0.103019,0.196364,0.138059,0,11.0465,0.339035,-15.2454,-67.8147,0.657536,12.1878,0.00894915,4.56997,-1.2958,2.25298,1.70267,1.58946,-0.574223,-1.23172,11.4032,0.393904,0.00211416,0.00422833,0.0730474,0.462511,0.682434,0.119048,0.474635,0.0102564,0.476197,-0.420666,13.1424,1.03896,0.485681,0,0.0658416,0.611967,0.0128205,0.41879,1.22127,0.186628,0.0279318,0.340163,0,-0.0806663,0,0.00422833,0.945675,0.0545228,0,0.00180914,0.0409524,0,0,0.521468,0,0.0168843,0,0.650556,0.0767413,0.108468,0.138117,0,0.10668,0.591749,0.0283401,-0.224356,-15.8776,1.03333,25.2119,0,0.796243,0.0416792,0,0,0.2215,0.0171644,0.494883,0,0,0.031746,0,-2.21238,0,0,0,0.301435,0,0.145702,0,0.0515851,0.386511,3.75287,0.292246,0.11746,0,-6.0893,0,0,0,
21,0.0229392,7.3332,-7.80239,0.930532,0,0.233447,-0.194444,-5.26459,0,1.41627,0.0757243,0.293948,0.945048,0.267552,0.689295,3.57227,0,44.8149,-4.08081,-5.04963,0.159615,-66.5717,1.44831,1.40613,2.93771,5.38607,3.14879,4.68348,-10.9156,-0.350912,0.922509,2.50583,0.676066,0.0178111,1.75734,2.86203,0.243461,1.29087,0.191293,0.0104148,0.0406404,0.495677,-0.194037,-7.22211,1.90636,0.140289,0.0666667,0.145402,-2.12847,0.0528822,-0.555517,-1.59372,0.595824,0.289253,1.49209,0,0.0165631,0.0111111,0.353102,0.319984,0.193913,0,0,0.0804816,0,0.385743,0.339987,0.0115283,0.0307101,0.0128205,0.995035,0.0406778,0.0566558,0.0315195,0,0.626073,2.27502,0.0128205,0.0188172,3.59969,0.264063,-0.179657,0,0.465844,0.0970146,0.0110345,0,0.345855,0.391812,1.17153,0,0,-0.0341991,0,0.0351703,0,0.378531,0,0.269608,0.0541126,0,0.047619,0.465458,0.320272,2.77515,-0.0346656,-0.020775,0.0317303,0.188162,0,0,0,
22,0.0026455,3.50915,-38.911,-0.12631,0,1.93214,0.0611111,-0.114822,0,-1.32962,0,-0.0520147,0.486996,0.385714,-0.582243,0.774229,0,11.4438,1.70203,-4.28622,17.5603,0.765813,-58.2444,-0.274768,0.864308,0.642199,1.25982,0.667585,-0.358389,0.754941,1.07766,0.529439,-0.00711413,1.3625,-1.35774,0.409127,-0.271121,-0.161477,0.378571,0.00189529,0,0.100062,-0.298198,18.588,1.86947,-6.30805,0,0.0245718,0.212258,0,0.104744,-0.841466,0.54399,0.0352286,-0.498052,0,0.00790514,0,0,1.20255,0,0,0,0.0238095,0,0.377778,-0.0280914,0.109091,0.169418,0.0128205,0.556554,0.0200771,0.0444444,-1.47188,0,0.0119048,1.0236,-0.024975,0,4.93555,2.60732,25.3518,0,0.213128,0.258083,0,0,0.0638299,0.109497,-1.32778,0,0,0,0,-2.38568,0,0,0,1.14329,0,0.168067,0,-0.162727,0.254899,11.7768,-0.0441304,0.0857143,0,0.890027,0,0,0,
23,0.00857143,1.38091,55.309,0.205047,0,-0.107418,-0.638528,0.553858,0,4.56496,2.19646,73.151,0.0764791,0.0221861,2.04868,0.397862,0,8.09419,-1.62322,-12.6108,-1.04545,1.57882,0.91291,-129.394,19.1411,3.09638,1.44007,2.59076,0.21408,0.057971,-0.526984,0.69281,0.268199,1.02931,-0.611966,0.12298,2.01002,3.80257,0.0924079,-0.0430522,3.05243,0.185668,0.301042,-27.9419,-0.0955151,0.216668,0,-5.62078,5.26217,5.06487,1.26231,-33.1631,0.114628,0.00456686,0.132878,0.1,0.121325,-0.157738,0.00865801,-10.5216,0.0947063,0,0,3.0119,0,-0.0562068,0.481071,-0.270563,-0.255672,-1.37885,2.00276,-1.12725,0.755932,0.64278,0,0.486225,0.783699,0,0,0.728174,0.139396,0.702426,0,0.387462,0.0856655,0,0,0.396839,0.122593,0.305729,0,0,0.0333333,0,0.0327893,0,0.0179965,0,3.3367,-0.348485,-0.287546,-0.416667,0.54668,0.683871,17.7451,-5.6828,-0.917873,0,0.433335,0,0,0,
24,0.00857143,4.59826,-1.86985,1.16868,0,0.859665,0.728842,3.09874,0,-22.6874,0.0626744,0.361975,3.67465,0.890697,7.63376,11.2281,0.0666667,46.7034,0.904815,-7.47553,6.72146,2.82876,1.73137,21.2155,-295.948,6.88957,11.33,20.2497,8.88544,0.435749,2.89853,41.5386,3.07021,0.263557,0.950159,0.790894,-3.98094,16.7359,4.84824,1.9809,-0.0975418,1.07584,0.193904,-2.39517,0.101324,0.33879,0,-2.95544,21.5144,3.81616,2.43016,37.4803,0.651819,0.185999,4.55027,-0.0833333,0.374226,0.349194,0,19.9815,3.07684,0.199137,-0.0588235,0.412698,0,0.921982,5.04463,2.26664,-4.60843,0.294639,10.5444,2.51466,1.53062,5.45164,0,-6.45352,-20.8643,1.0913,0,5.08222,2.54195,0.251292,0,1.38248,2.38539,0.0380952,0,-6.44621,0.612722,1.29314,0,0,0.0756891,0,0.322643,0,0.649137,0,0.328411,0.030303,-0.333333,0.23088,0.456812,-4.12286,-5.92507,13.2994,0.735245,0.0178571,-5.17493,0,0,0,
25,0.115801,42.282,-2.40563,1.27596,0,0.561983,-0.150397,1.10686,0,-12.1642,0.143254,0.381126,3.19134,1.86047,-10.068,5.53267,0,76.0154,1.58204,-7.37934,-0.0364811,5.45588,1.4239,3.30887,7.03645,-190.977,5.53603,3.88727,11.188,0.232503,-14.5231,3.82609,0.677096,-0.0153008,0.383257,4.15213,0.161965,0.665705,5.36903,0.0950585,-0.0731162,-4.75763,0.81246,9.59411,0.40046,0.398505,-0.334848,0.461025,-3.35761,0.429657,2.81959,7.05034,0.813641,0.0242618,0.564795,0.0151515,0.172291,0.113492,0,-7.48232,0.283208,0.142957,0.00367394,0.149359,0,0.494819,0.30568,0.0485544,2.91165,0.027972,0.795373,1.35454,0.336872,0.380081,0,2.59921,3.88884,-1.08889,0,1.06079,0.768314,0.613704,0,0.278343,6.62374,0.219444,0,0.135832,-3.11753,1.86258,0,0,0.21746,0,0.0345689,0,0.390263,0,0.762207,0.047619,0.0816993,0.166667,0.657848,1.35323,15.6308,0.653729,1.30716,0.00395257,0.220919,0,0,0,
26,0.0119048,4.85699,1.53564,1.42919,0,0.466204,0.318558,0.616354,0,-6.13493,0.0318903,1.42001,1.69025,1.9459,2.86122,9.5365,0,44.1858,3.95713,-6.6654,2.32397,3.08512,2.20896,1.28274,11.8062,5.6511,-230.424,28.5299,4.72226,0.495466,2.95759,12.5789,4.78298,-0.372276,0.608649,0.656879,0.265716,1.80792,4.23891,0.687799,7.11915,1.77382,59.4404,-11.8061,0.134227,1.8083,0,0.055452,0.274123,-0.144658,5.13293,-4.38007,34.9053,0.0866605,2.38103,0,-4.56883,0,0.106949,2.28808,0.64927,0.191295,-0.0298898,0.460979,0,0.242173,0.412174,0.00395257,-11.8793,0.027972,1.50816,0.874198,0.181818,0.458774,0,1.00295,2.25178,0,0.407755,-11.5712,-6.9686,4.71037,0,5.99526,1.44079,0,0,0.780473,0.410091,0.8694,0,0,0.151321,0,0.329096,0,0.301587,0,0.713467,0.0205128,2.29919,0.0181818,0.215,1.06997,-13.6834,0.0175247,0.720682,0.00395257,0.827936,0,0,0,
27,0.00549451,4.01909,-25.6183,2.11132,0.380952,-8.97435,1.92598,9.11656,0,6.86896,0.292817,15.5093,2.12814,3.02334,2.80865,15.087,0,67.5813,16.0793,-13.0452,1.59138,4.29933,1.34039,2.17562,20.2424,3.56017,28.2516,-371.514,19.904,1.02095,5.5852,16.2026,6.93058,0.908825,0.2854,0.787277,1.03488,1.50031,1.82601,1.89572,1.08538,3.43277,4.76509,42.1852,1.91382,1.23477,0,0.348899,2.39783,0.0377924,6.12559,35.771,-13.2435,0.700376,-14.7372,0,-0.208648,0.0337302,0.3322,4.58142,0.41725,0,0.0209479,-6.00835,0,20.803,1.39193,2.34997,-18.9388,0.027972,4.74381,0.25078,0.707584,4.59998,0,2.14406,-11.95,0.0826896,4.63,-36.6714,6.17354,3.8954,0,11.3994,4.578,0.0477235,0,-7.33401,3.85841,17.5467,0,0,26.404,0,0.280357,0,-12.2469,0,1.2224,0.409524,6.75558,0.0181818,0.337805,-8.8267,6.28309,0.0121133,45.8796,0.0510684,0.768155,0,0,0,
28,-0.0344828,-22.7172,9.46299,5.07256,0.380952,3.60184,-0.314286,0.621279,0,6.39756,0.137143,0.221839,3.50683,0.842173,0.748961,6.84293,0,27.4473,63.0606,0.490292,1.68127,-12.5771,-0.330462,0.119254,8.61328,11.9511,4.9632,18.6239,-293.821,-13.1513,12.849,-16.6095,-22.1837,-11.0627,-0.172776,-11.3241,0.625758,11.3313,0.838425,0,0.139262,0.437602,2.57144,18.8419,-9.28231,0.271421,0.0190476,0.0588355,1.57476,0.010989,3.90222,32.8927,-0.0825036,3.0953,3.63658,0,0.193939,0.0322473,2.59101,1.84834,6.01537,0.105992,0.0754383,0.236619,0,0.49481,0.185068,0.368062,0.959012,0,-0.0615154,-0.542556,0.267551,5.97704,0,2.98663,30.7922,0.0659341,0.163984,33.4242,1.88571,2.4948,0,1.49996,8.22917,0.165517,0,0.0047619,0.258969,22.7747,0,0,-4.92777,0,0.014881,0,3.02583,0,0.450401,0.429437,-0.494203,0,0.372912,0.988517,17.39,0.673983,2.08102,1.39201,-0.177483,0,1.06667,0,
29,0.00246305,0.563169,1.32534,3.05222,0,0.333333,0,1.3183,0,1.58454,0.257143,0,5.72617,0.80302,2.23015,-2.82761,0,10.1586,44.5632,0.189445,-1.17963,1.23012,1.45471,0.235178,0.467528,0.240178,-2.13734,-4.21991,-50.6133,-43.1769,0.533597,-0.340759,-3.40266,-2.04381,1.69822,-1.91033,0,26.1084,0.613646,0,0.266667,0.12537,-1.48621,15.6244,-0.0616152,0,0,0.221325,0.0661844,0,4.71464,10.1112,0.35,0.18254,5.4586,0,-0.266667,0.215977,-4.84476,1.58272,3.75256,0,0.00367394,0.0285714,0,0.380952,7.10543e-15,0.0297619,0.00734788,0,0.0681818,0.0545455,0.442709,0.133302,0,0.0595238,0.852849,0,0.963887,-29.2075,0.0735058,-2.02221,0,-0.520424,0.0848145,0.00246305,0,0.0158103,0.00790514,-2.22993,0,0,-0.831169,0,0.00116144,0,0,0,-0.0157509,0.00952381,1.5682,0,0,1.93271,-0.13212,0.17259,0.296429,0.0277778,-0.108334,0,-1,0,
30,0.00246305,4.00029,3.577,0.257904,0,0.104807,-0.108605,0.717742,0,10.4613,0,0.0752053,0.221429,0.276619,-1.14839,2.52988,0,18.9263,2.23919,0.209272,-0.934145,1.09228,1.07766,0.424525,2.97134,-23.4321,3.6177,4.84938,5.16431,1.56314,-78.9841,6.50886,3.76223,1.01603,1.29588,0.407415,0.204223,0.147691,1.15207,0,0.119039,0.106422,1.64242,2.47332,0.0034317,0,0,0,0.102231,0.345238,1.18465,4.71207,0.589656,0.304762,0.943125,0,0,0.188889,0,0.230052,2.10569,0,0.00962927,0.104147,0,-1.16913,0.417919,0.230504,2.48581,0,0.37323,0.00510856,0.0653762,0.569092,0,3.71826,13.7027,-0.111111,0.0818733,-18.9913,3.21532,0.147776,0,0.718757,-11.7517,0.0381773,0,0.166254,0.0760906,15.7961,0,0,-4.04233,0,0.00238095,0,1.05741,0,0.0778146,0.0205128,0.981191,0.25,0,0.11345,1.80033,0.0301587,0.747618,0.00828157,0.0900028,0,-0.333333,0,
31,0.0110345,5.81588,-2.65739,0.931574,0,0.950915,-0.303333,0.951723,0,8.0977,0.0442396,-0.200245,0.834261,0.462357,1.75151,10.649,0,82.7224,2.41496,3.27531,15.9119,2.44187,0.965713,0.135799,41.4371,3.78901,12.23,15.7498,-16.5003,1.4786,6.14929,-213.145,-5.98746,0.429631,1.38999,1.08705,0.31379,2.41503,1.70277,0.638718,0.0546616,-5.19623,8.40178,0.506247,0.843339,0.203608,0,0.362698,0.322041,-0.0252747,1.79592,-16.0978,1.04383,0.0634386,1.75824,0,0.027972,-0.0384615,0.690013,0.717271,0.196916,0,0.0234542,0.38518,0,0.731743,0.438648,0.136853,1.45693,0,1.72447,0.0494884,0.93857,0.286899,0,2.53432,6.73677,0.104396,0.387969,-11.6228,1.09061,2.71881,0,6.16365,1.13485,0.220558,0,1.66425,0.295679,2.15516,0,0,-0.0778499,0,0.367239,0,0.300919,0,1.33232,0.0746254,2.86281,-0.2,0.153333,-6.72203,-8.49803,10.7254,-0.197366,0.00828157,-3.90176,0,0,0,
32,0.00246305,0.399146,2.49324,0.42564,0.247619,-1.3663,-1.12233,4.61974,0,2.22112,0.0157509,0.147438,1.05408,0.0543673,0.860342,-6.86807,0,49.7146,7.40799,0.107697,0.391899,0.797365,0.0981484,0.255871,3.30498,0.641652,4.22951,7.14293,-21.9543,-0.185176,3.32562,-6.28748,-118.981,-0.490647,0.831279,0.277175,3.28211,1.33831,0.22476,0.684033,0.0800045,2.10123,0.950104,52.2509,1.48189,0.0553502,0,0.0128205,1.14005,-0.184848,1.52574,-10.214,-4.7163,0.0265737,1.1961,0.491608,-0.250087,0.00641026,0.0170488,2.19936,0.2,0,0,0.22807,0,0.489632,0.687106,0.0449579,0.131638,0,-6.72703,0.0673186,0.116414,0.0539974,0,0.939411,1.34179,0.0857299,0.0648996,10.6833,1.59421,0.262544,0,0.734382,0.595812,0.0134521,0,0.239659,0.0715823,3.11571,0,0,-0.10919,0,0.0147059,0,0.426808,0,0.510295,0.520513,-7.94849,-0.25,0.132284,0.38592,0.863521,0.114406,0.0143903,0.00395257,-0.0585211,0,2.83333,0,
33,0,-1.39457,11.8463,0.138698,0,0.216667,-0.0666667,0.122591,0,1.99367,0.010084,0.472033,1.10988,0.0973523,0.356008,1.04585,0,12.5656,3.99567,0.0230612,0.00211416,-0.326851,0.701667,0.75248,0.736903,1.2513,1.04511,-0.948877,-14.958,-0.644351,0.413502,0.932849,-0.798882,-50.8456,38.3348,0.588345,0.1,0.382882,0.313951,0,0.0102171,0,0.295914,1.04873,-0.513803,0.0482367,0,0.0181818,0.294338,0.139181,1.96364,7.02826,0.047619,0.0128205,2.28376,0,0,0.0047619,0.00422833,1.51657,-0.26005,0.162845,0,0.0800207,0,-1.00389,0.0128205,-0.0243922,-0.839113,0,0.0867264,-0.00132994,0.0687053,-0.723054,0,-0.741479,-24.5601,0.0128205,0.0911111,1.08664,-0.0212131,-0.106198,0,0.187698,-10.3354,0,0,0.0493311,0.0963848,-0.635727,0,0,1.54691,0,0.0261905,0,0.035806,0,0.0680241,0,-0.0242424,0,0,0.0282051,12.4793,0.675794,-0.494048,-0.879589,0.0862313,0,0,0,
34,0.00795756,1.35699,-30.701,-0.390119,0,-0.458333,-0.4,0.055215,0,-0.685851,0.0537463,1.93555,0.826706,-0.254754,-0.35604,1.26154,0,25.7519,-14.002,0.060733,0.004329,1.35981,-1.39548,-2.07948,1.32644,0.20421,1.00086,0.0813636,5.85218,-0.109428,0.755415,0.915868,0.811746,71.2969,-85.0857,0.454058,0.2,0.338899,0.606402,0.00584795,0.00492611,0.0560154,-1.45717,-2.18923,0.482465,0.0456912,0,0,0.607771,-0.366667,0.470834,-24.1743,0.047619,0.161526,-9.61589,0,0,0.00526316,0.0139212,0.0080936,0.0397283,0,0,0.0456831,0,0.916749,0.0128205,0.0832816,0.886853,0,0.317199,0.0334654,0.0471052,-0.00465022,0,0.076925,14.4576,0.0128205,-0.328889,0.827492,0.257012,1.74444,0,-0.00954758,6.03983,0.00795756,0,0.010989,0.0890693,1.60464,0,0,0.133704,0,0,0,0.170573,0,0.0360859,0,-0.0658009,0,0,0.700641,28.4673,-0.0761905,-0.198663,-1.07168,0.0282007,0,0,0,
35,0.00246305,0.925482,4.97548,-0.0658688,0,0.286797,-0.333333,0.158701,0,5.79903,0.010084,-1.25041,0.462045,0.419238,12.5004,0.611751,0,27.1588,3.8616,0.0735207,0.0859047,2.57393,0.731063,0.583799,0.66941,3.74995,0.328734,1.69281,-15.8307,-0.659515,-0.0440399,0.677642,0.180662,0.0616007,0.725715,-52.5326,0.285976,1.92767,-0.0785226,0.0152975,0.0554312,0.114209,-0.197772,3.06466,0.0858448,0.705968,0.0296296,0.0691215,-6.34344,0.120949,0.645684,-14.5566,0.425512,0.490349,0.432898,0,0,-0.0625,0.00422833,13.3434,5.50622,0.0465626,0.671045,0.0275639,0,0.48891,0.0326363,0.0119048,0.371424,0,0.96965,-4.53152,0.24744,5.13938,0,0.154868,3.97823,0.0803571,0,0.586919,0.0996894,-0.707562,0,0.410347,0.113405,0.00246305,0,0,0.279821,0.333826,0,0,-0.326701,0,0,0,0.022221,0,0.0811293,0.0238095,0.0584416,0,0.173906,0.235677,-13.2838,-0.135504,-0.360699,0.00828157,0.0215562,0,0,0,
36,0,0.214294,-27.0791,-0.204386,0,0.454133,11.8018,1.90107,0,0.226948,0.0312372,-0.654361,0.428243,0.31102,-10.9987,0.491503,0,35.6692,-1.0286,0.284985,-0.290993,0.117625,0.347348,0.223366,-8.74338,-0.0156256,0.158595,1.1687,1.9627,0,0.27779,0.268562,2.97249,0,0,0.118329,-82.1396,0.144825,0.68969,0.00410066,0,0.10303,-0.322346,-13.9268,0.0263229,0.00680704,0,0.0197089,0.0114536,0.0225045,0.457273,7.98731,1.89606,0.00410066,1.55153,-0.583333,0.119048,0,0,7.21161,0.0220588,0,0.00735294,0.0424242,0,0.264469,0.10303,0.0722517,3.92911,0,58.435,-0.338336,0,-0.0576244,0,1.83662,-1.34912,0,0.0490323,0.25428,0.0578784,-0.290993,0,0.654617,0.320553,0.0100251,0,-3.77585,0.132246,0.706494,0,0,0,0,0.00780112,0,0,0,0.177026,0,-0.0915033,0.107143,2.2039,0.135246,0.0407717,2.34831,0.171429,0,0.1162,0,0,0,
37,0,2.94068,4.66134,1.33436,0,-0.238316,0.108333,-8.44196,0,5.3063,0,0.121532,-0.0599567,0.694805,-18.3752,1.66512,0,14.282,23.5386,0.525092,1.0472,0.898289,-0.845815,3.66743,13.4485,0.0229618,1.51261,1.54644,14.7306,41.3738,0.149887,1.9103,0.798927,0.56711,-0.166657,1.63811,0.380624,-118.996,-8.43692,0.288524,-1.05022,-0.254701,0.897858,3.81252,0.627463,0,0,-5.11249,3.15041,2.2336,1.37523,30.3226,-0.302563,0.0222222,0.81725,0.0151515,0.047619,-2.60371,-8.70874,-11.4263,1.0381,0,0,0,0,-1.40354,0.398134,0.125595,3.127,0,1.13065,-1.64501,-6.7073,-0.517031,0,3.58983,1.20919,0,0,12.8685,0.0110124,0.374427,0,0.270263,0.316667,0.123077,0,0.320238,0.158652,0.79574,0,0,0.928571,0,0,0,0.0181818,0,0.533478,0,0.0549451,0,0.0833333,-13.596,-0.476261,-0.362831,-0.618344,0,0.0551385,0,0.333333,0,
38,0,2.27411,9.74502,0.751034,0,1.51919,-0.525397,-7.88361,0,42.3442,0.128571,8.39614,1.59886,-0.145029,0.97607,-11.0879,0,37.1574,-0.0738263,0.106154,0.0344646,0.184747,0.744444,0.879906,5.66972,5.47146,3.45501,2.23552,2.41507,0.651273,-0.444214,1.56799,0.370079,-0.504078,0.532216,0.258759,0.694331,-7.40587,-95.4015,-3.57798,-5.30639,-6.5899,1.69824,9.89647,0.177723,0.025641,0,0.039011,0.483432,0.00923077,0.166854,-19.7185,3.20859,0,0.173657,0,3.91115,0.482838,-0.704139,3.92249,2.70539,0,0,0.619499,0,0.513889,0.296149,0.0170478,-0.157166,0.1,0.380929,0,0.0483007,0.0860728,0,0.157182,-0.511888,0.05,0,-0.158734,1.6703,-0.512471,0,0.136991,0.128524,0.027972,0,0,0.108931,1.48157,0,0,0.115873,0,0,0,0,0,1.01353,0.010989,0.0384615,-0.166667,0.160714,9.28784,-11.5022,-0.119048,-1.04063,0.00395257,0.02,0,0,0,
39,0,-0.517454,-0.982221,1.15937,0,-5.90197,-0.377778,-0.433758,0,-13.5041,0,0.45315,0.619306,0.055848,-0.10625,1.02653,0,10.7451,2.2905,0.226844,0.422102,0.400635,0.00180914,0.584773,1.38622,0.402417,1.35442,1.48833,0,0,0,0.847946,0.384772,-0.2,0.205848,0.0152975,0.583229,-0.383951,-9.61081,-23.2713,0.522711,0.64661,-0.280734,32.3587,1.17711,0.00680704,0,0.00952381,1.00843,0,-0.00606184,-1.45155,0.0917135,0.00994862,-0.05301,0,0.0764034,0,0,1.74009,0.216667,0.013147,-0.2,0.400293,0,0.0553419,0.404858,0,0.147907,0,1.22942,0.359415,0,-0.680444,0,0,0.470146,0,0,0.462391,0.972819,0.184636,0,0.257546,0,0.0138889,0,0,0,0.25,0,0,0,0,0.0026871,0,0,0,0.430687,0,0,0.0666667,0,-9.49972,-0.871941,0.00699672,0,0,0.0851181,0,0,0,
40,0,1.19747,8.26043,0.69,0,0.215152,-0.16039,-1.06111,0,33.3596,-0.123016,-16.6751,1.11619,-0.075,0.209392,-2.57796,0,7.61316,0.360317,0.171531,0.0091954,0.0406404,0.428571,1.71422,2.71177,2.02461,5.55535,1.05329,0.239737,0.2,0.0958949,0.0374384,-0.0581534,-0.275862,0.29064,0.0512224,0.183333,-1.4641,-23.293,1.30292,-24.7717,-0.114323,3.07638,2.43428,0,0.0713083,0,0,0.0241569,0.0192308,1.14451,-3.07967,1.52977,0,0.0357143,0,-5.75971,0,-0.133333,2.4965,0.75,0,-0.0555556,-0.510413,0,0.231136,7.10543e-15,0,0.035153,-0.2,0.0666667,0.17381,0,0.0419631,0,0,0.144171,0,0,0.0750684,0.0190476,-0.428571,0,0,0.00492611,0,0,0,0,-0.12941,0,0,0.222222,0,0,0,0.0288998,0,-0.218349,0.0181818,0,0.102381,0,0.185714,-0.714648,0.00689655,-0.222222,0,0.0314286,0,0,0,
41,0.201007,-6.76917,41.9977,-4.23304,0,-0.1,0.0555556,-0.262029,0,7.10675,0.00833333,1.50258,0.361681,0,0.310305,0.401912,0,8.99413,1.80732,0.606814,-0.0850877,0.477985,0.773479,0.232725,1.81597,-7.69316,1.31993,2.88357,-0.786132,0.128511,0.390985,-6.50643,1.50821,0,0.0554259,0.120397,0.518716,-0.317063,-5.38177,0.642983,0.174738,-46.1904,-4.84701,-16.1574,0.0676511,0.188819,0.146032,0,-0.15025,0,1.26461,12.528,0.170155,0.00410066,0.928412,0,0.00129935,0.057265,0,-0.206664,0,0,0,-0.0798297,0,0.287013,0.34684,0,0.0719775,0,-0.539338,0.00410066,0,0.810406,0,0,0.0463365,-0.1,0,0.850811,-0.211772,-0.249785,0,0.319467,0.00333333,0.0883539,0,0.00178253,-0.0809524,2.77018,0,0,0,0,0.00780112,0,0,0,0.234312,-0.0714286,0.606759,0,0.332387,0.0200681,3.21555,0.469552,0.0784188,0,0.0324521,0,0.666667,0,
42,0,1.36859,57.5345,0.857427,0,0.297753,-1.19071,-0.48001,0,-21.5651,0.0211951,1.88984,-0.127925,0.0737443,2.99335,1.96341,0,11.3291,1.51036,1.69662,-0.582131,0.601326,1.54531,-0.0888499,1.50831,0.688582,47.2713,6.45105,2.12597,0.277671,2.25894,7.75142,1.8284,0.263925,0.0632386,-0.342325,1.24004,0.580002,1.41848,-0.266967,2.91073,-11.3977,-89.0689,1.6346,0.0432966,0.764487,0,0,0.109778,-0.440293,2.05377,-32.0634,4.63965,0.000452284,1.23257,0,-2.5572,-0.4,0.045254,-1.98567,-0.286775,0.013147,-0.360673,0.0904987,0,0,0.403692,-0.376068,-0.283194,0,0.126749,0.216213,0.00739958,1.62397,0,0.376453,1.06221,0,0.0982588,-22.1556,0.792179,-0.0570972,0,2.79459,0.0127918,0,0,0.132839,0.147465,-0.587466,0,0,0.0458874,0,0.0623848,0,0.107959,0,0.141298,0.0205128,1.3346,0,1.25488,0.20346,5.40024,1.05377,-1.23637,0,0.199249,0,-0.666667,0,
43,0.030515,9.9234,89.2809,-22.6433,0.047619,-7.26382,5.93604,3.81912,0,36.9552,1.18255,21.9794,-10.5773,1.75433,4.71042,-1.84481,0,189.297,-51.3045,29.476,-23.9724,-5.33302,18.4921,-20.6265,2.75859,11.603,-10.9178,53.1819,21.0908,2.10652,3.02999,0.0322821,80.2985,1.15497,-0.457373,2.88462,-11.97,5.85237,11.5177,-6.44025,3.0233,-15.1699,6.23203,-703.933,-10.4492,1.5097,0.251852,2.5373,-15.0883,0.987718,13.9452,52.2953,8.29825,3.99518,12.6908,0.181818,0.407138,0.174288,0.714408,-25.6281,1.53619,0.136905,0.226417,-4.12064,0,26.4256,-10.8387,0.692137,4.61715,0.0833333,-9.15042,-0.146967,2.93354,3.32845,0,1.02133,10.1869,0.401047,3.21212,53.1042,-0.945243,-4.17603,0,-2.94891,1.06328,0.674599,0,7.64099,1.65666,75.2126,0,0,3.48489,0,1.31727,0,0.210543,0,2.61055,-4.00087,-17.5367,0.292857,3.75221,12.0954,43.6905,5.69354,4.12573,0,8.75053,0,1.66667,0,
44,0.00510856,9.30277,6.77147,0.0702665,0,0.0782884,0.102778,0.302951,0,1.73254,-0.078022,0.579453,1.32177,0.100734,1.11491,0.323152,0,38.92,-5.48542,0.53265,-0.565203,1.79342,2.31993,-0.296181,0.734757,0.709808,0.464312,2.13972,-10.4831,-0.824505,0.210575,0.84396,1.47445,-0.267918,0.721702,0.233761,0.126323,1.47469,0.0718299,0.00994862,0,-0.160127,0.0432966,-18.1807,-37.1448,-3.99207,0,0,-0.078598,0,-6.37756,0.94181,3.72064,0.803469,0.493414,0,0,0.00526316,0.00526316,-0.283052,-0.384127,0,0,-0.089011,0,0.21333,0.357799,0.133333,0.134636,0,0.182042,0.162819,0.124393,1.46813,0,0.0151515,1.63578,0.0761905,-0.0760848,0.67384,0.100337,-0.341585,0,0.255621,0.134845,0.00510856,0,0.010989,0.107143,1.11347,0,0,-0.368998,0,0.335399,0,0.030303,0,0.349687,0.030303,-0.284461,0,-4.30225,0.448355,1.22114,0.0834819,0,0.0277778,0.0311954,0,0,0,
45,-2.22045e-16,-9.38732,40.6041,0.564466,0,0.167316,-0.721915,0.0935786,0,2.05977,0.0654585,0.878321,0.0100251,0.0100251,1.79615,0.0897125,0,8.34612,-0.223411,1.50963,0.498315,0.479942,-5.31791,0.130494,0.775908,1.54205,1.51134,1.46338,-0.45561,-0.333333,0,0.669501,-0.29099,0.0505677,0.0480222,0.664439,0.606966,0.333333,0.027972,0.00696614,0.0710973,0.142825,0.574594,-0.892818,-10.794,-27.4833,0,0,0.0260138,0,1.82563,2.38943,-10.6964,-0.115062,0.821187,0,-0.189781,0,0,0.176909,0.110881,0,0.00854701,0.0544695,0,0,0.265299,0.0538494,-0.350021,0,0.156717,-0.64688,0.0373737,-7.209,0,0,-1.9156,0,0,0.314072,0.0693554,0.369802,0,0.250528,0.014948,0.010989,0,0,0,0.0709013,0,0,0.0505677,0,-0.527955,0,0,0,0.333658,0,-0.25,0,1.15312,-0.330381,3.4475,0.299972,0.0130719,0,0.014549,0,0,0,
46,-0.0909091,-16.8542,3.49196,0,0,0.166667,-0.111111,0,0,-2.19177,0,0.375,0.278157,0,-1.59214,1.33649,0,1.33133,-1.09731,-0.830159,0,0.0571429,0,0,1.4853,-17.3611,0.618633,0.357143,-0.924856,-0.181818,-0.671429,0.794823,-0.0833333,0.05,0,0.328571,0,0.181818,0.988456,0,0,-0.779473,0,0.451299,0,-0.636111,-2.54444,0,-0.204798,0,1.80595,-3.43102,0,0,0,0,0,0,0,0.491955,0,0,0,0,0,0,7.10543e-15,1.77636e-15,0,0,0.111111,0,0,0,0,0,0,-0.333333,0,1.13687e-13,0.0555556,0.553157,0,0,0.297619,0,0,0,-0.0619048,-0.339394,0,0,-0.142857,0,0,0,0,0,0.111111,0,0,0,-0.883333,1.43925,33.701,0.701587,-0.214286,0,0,0,0,0,
47,0,0.0688406,1.94936,0,0,-0.125,0,0.536508,0,2.7706,0.00665584,0.628788,0.0543737,0,-0.491129,-0.448475,0,4.52252,0.0265882,0.52872,0.0882769,-0.250687,0.0481975,-14.8137,39.6268,0.329574,0.0776215,0.459864,0.0588355,0.174763,0,0.285631,0.0128205,0.119116,-0.1,-0.0469604,0.0188288,-9.38435,-0.783473,0.0100251,0.013986,0,-0.0104895,1.94405,0,0,0,-15.8905,-13.4725,-6.06728,-0.971343,-4.08056,-0.0244755,0,0.0494164,0,0,0.0409774,0,6.11786,0.0100251,0,0,0.0128788,0,0.0185748,0.0514006,0.0710617,0.558725,-0.2,0.0996286,0,-0.196274,0.0910097,0,0.895619,1.05644,0,0,-0.160661,0.103371,-0.0441176,0,0.0188288,0.0111111,0,0,0.882305,-0.284643,0.125,0,0,0.0266917,0,0,0,0,0,0.00665584,0,0.25,0,0,1.1137,1.39466,0.141097,-0.00263728,0,0.340902,0,0,0,
48,0,0.368601,0.525808,1.4036,0,0.857509,0,0.192482,0,2.11224,0.0739621,0.386759,2.37713,-0.414781,1.076,-1.50409,0,18.3936,2.40477,0.608612,0.422461,-6.07224,0.171864,6.134,18.9887,-6.65096,0.876555,2.91957,0.67705,0.0603986,0.453842,0.884179,0.793247,0.451768,0.307771,-5.24535,0.112644,3.10401,0.469456,0.0194797,0.024993,2.6307,0.105072,22.3193,1.13881,0.0273199,-0.133333,-2.70351,-66.2487,1.3476,-7.50488,3.70434,-0.575195,0.144253,0.682288,0,0,0.0309524,0,1.5545,0.105605,0.00833333,0.00559701,0.321825,0,0.428039,0.247145,0.151219,0.491887,0.1,0.426188,-0.406871,0.205421,0.321761,0,0.0825266,-7.81363,0.0178571,0.0400154,-0.704727,0.887334,-0.103657,0,0.163697,-0.00681474,0.00833333,0,0.307613,-2.48572,1.59586,0,0,-0.235396,0,0.0103312,0,0.138238,0,0.0855757,0.458874,0.945455,0,0.0812854,0.518524,-1.19646,-0.162956,0.467304,0,0.209305,0,0,0,
49,0,0.788059,2.78692,0.301948,0,0.143939,1.1829,0.649917,0,-1.24462,0,0,0,-7.10543e-15,0.20476,0.116959,-0.166667,3.11817,1.20909,-0.0830356,-0.294872,0.0667711,0.615385,5.00794,-3.63634,0.632358,-0.225074,-1.8982,0.010989,0,1.26944,0.526521,1.39057,0.0947368,-0.075,0.133858,-0.227496,2.09952,1.73506,0,0.0200669,0,0.437381,-2.01571,0,0,0,-2.08192,1.03837,-14.5542,0.989896,22.968,0.0452518,0,-0.22807,0.0151515,0,0,0,-10.8329,0.159735,0,0.00735294,0,0,-0.5,0.0888889,0.00584795,-8.8039,0,-0.68547,-0.488304,-0.0996688,-0.409477,0,-0.373258,-0.57361,0,0,0.133333,0.0116959,-0.307692,0,0,-0.21177,0,0,-0.0955628,0.0742424,-0.113636,0,0,0.0261405,0,0,0,0,0,0,0,-0.133333,0.333333,0,0.0373396,-1.00683,0.0879121,0.860393,0,-0.0595238,0,0,0,
50,0.113636,3.36297,2.56333,23.5308,0.047619,0.95062,0.285459,0.59736,0,8.27018,-3.42116,7.67507,24.9064,0.685957,0.878415,3.04752,0,52.1771,4.97233,0.132051,0.500665,-1.52437,0.257241,1.12779,1.8275,2.68306,3.90317,6.11363,3.06185,0.295627,0.600159,1.82022,1.71791,0.00233112,0.846459,1.02883,0.379756,1.55538,0.307136,0.0168333,1.26846,0.861284,1.9606,12.0923,-3.5904,2.51564,0.0533333,0.0931033,-7.67094,0.104325,-215.653,-8.54915,-11.2825,-3.60154,53.5286,0.027972,0.128297,0.00526316,0.0139212,0.401892,0.724903,0.00833333,0.0606061,0.633486,0,0.541667,0.477062,0.041119,1.95391,0.0833333,2.67985,0.191076,1.58953,3.72626,0,2.04932,1.08417,0.0248418,-2.72418,9.21446,0.38588,0.221164,0,0.472134,0.298989,0.0571429,0,1.62032,1.25973,5.50385,0,0,0.133333,0,0,0,0.0181818,0,0.57262,0.0238095,0.807602,0,4.63926,0.484343,-18.5072,-0.25238,-0.170182,0.0539526,0.012987,0,0,0,
51,0.251252,-12.4417,66.6928,-20.0564,0.047619,5.2515,-17.104,17.8369,0,43.711,0.86624,9.84076,6.28603,2.80514,18.9325,18.5271,0.166667,170.979,-9.32988,5.01613,1.40196,-0.174701,0.197498,-18.0474,43.7478,9.09264,-6.04351,26.7148,34.2113,2.10848,-30.1264,-12.0883,-3.50024,6.64915,-6.3317,-9.1138,6.52735,48.8799,-12.2828,1.4765,1.28491,13.1203,-16.5923,49.0765,1.48861,2.24102,0.112454,1.79309,5.93836,-7.08626,-5.2281,-678.474,16.8561,0.468931,2.37982,0.612821,1.12083,-3.61728,3.19437,-0.201693,42.1184,0,0.38743,0.321283,0,0.663418,-3.99113,-3.79598,-4.66636,0.183333,17.3112,3.3479,3.11899,8.28624,0,34.7644,39.0527,0.412435,0.125546,15.4944,12.4841,1.52598,0,1.95605,7.26557,0.82032,0,3.00548,10.5103,12.0593,0,0,3.54129,0,0,0,1.26273,0,0.708465,0.0848485,-0.474528,-5.26039,3.9612,2.90125,24.7559,2.07147,-17.4251,-0.0256211,0.0718968,0,1,0,
52,0,2.16985,13.144,0.808664,0.047619,3.92524,-5.73268,2.6286,0,3.95753,-0.169584,2.79072,0.322526,0.166667,0.565831,0.637859,0,26.0287,-0.422933,0.0175379,0.178438,0.302296,0.948401,0.0817883,0.853645,0.796544,29.8671,-18.8442,1.2562,0.260606,0.638141,0.553161,-10.0806,0.047619,-0.047619,0.187733,1.44714,0.270038,2.25632,0.0955268,2.89248,0.174201,4.63702,8.80413,3.92406,-7.96407,0,0,-0.339084,0.0452518,-15.7707,10.6324,-77.0872,0.0569051,1.27842,0.0582751,-3.40232,0,0,0.250115,0.0277778,0,0.0277778,-0.0181558,0,0.103922,0.164242,0.0357143,0.886793,0,0.648924,0.038579,0.1375,0.0721519,0,0.100118,-0.974875,0.0714286,0.00163265,1.35189,1.55671,0.169321,0,0.279445,0.305556,0.128571,0,0.254224,0.17008,2.02172,0,0,0.127778,0,0,0,-0.757576,0,0.484578,0,-0.622222,0,0.272108,0.182535,1.67013,0.0859085,0.851504,0,0,0,0,0,
53,0,-1.08624,5.46569,-0.0638827,-0.142857,2.61218,0.00811216,0.0307692,0,-0.535412,0.295238,0.345671,0.84912,0.383676,0.55095,0.136176,0.05,11.0768,-5.09434,0.00768883,-0.0983083,1.05458,-0.0487757,-0.166876,0.10735,0.0224303,0.0867022,-1.09519,1.01356,-0.628571,0.298701,0.129516,0.0231069,0.0128205,0.161526,0.400289,0.00410066,0.0222222,0,0.00994862,0,0.00410066,0.000452284,1.42984,0.778594,-0.161996,0,0,0.954979,0,43.2542,2.65338,0.542312,-21.194,-15.1796,0,0,0,0,0.294372,-0.049364,0,0.0736291,0,0,0,0.117532,0.0128205,-0.825295,0,-0.679804,-0.168432,-0.518234,-8.45432,0,-0.614673,-0.511029,0.0279202,1.6,0.358484,0.0391434,0.176692,0,0.014578,0.0333333,0,0,0,0.010989,-12.7178,0,0,-0.651119,0,0.000904568,0,0.0714286,0,0.00410066,0.010989,-0.2,0,-12.1315,-0.561737,5.90754,0.0448967,0,0,0.00316599,0,0,0,
54,0,1.32448,-8.39717,1.1808,0.114286,0.081561,0.822133,1.68092,0,1.74221,0.734943,0.590065,2.19867,1.20582,1.58935,5.06152,0,51.923,-0.557533,0.0619068,0.351744,1.59333,-0.176029,-0.412088,4.66477,0.370967,2.56636,-12.7927,3.3234,1.12451,0.366704,1.95399,1.15189,2.12181,-2.98943,0.585594,1.1975,1.72364,0.135762,0.0123839,0,0.0559441,0.525983,10.7314,0.625539,0.154113,0,0.0516094,0.957296,-0.176555,54.5802,0.11172,1.57777,-2.22759,-169.259,0,0.1,0.450955,0.691082,1.90204,0.301906,0,0,0.0982756,0,0.424312,6.00408,0.0357143,-5.4346,0,-5.90045,0.470174,-5.8265,4.8272,0,-7.4724,2.71802,0.66659,-3.11166,13.519,1.49097,0.895099,0,0.646472,1.01254,0.0288462,0,0.547587,0.037025,4.99676,0,0,1.48649,0,0,0,-0.25,0,0.208375,0,0.423621,0.0291708,9.69496,0.67087,5.04916,1.61742,1.0545,-0.0821429,0.0390309,0,0,0,
55,0,-0.019647,-4.48869,-0.0855263,0,-0.477396,-11.7525,1.14723,0,-0.0426407,0,-0.278822,0.131579,0,-2.40873,0.0945455,0,3.18998,0.047619,0,0.0585281,0,-0.0952381,0.242857,-3.11198,-0.0324675,-0.00727273,0.0621645,0.0944444,0,-0.262222,-0.0472727,0.619429,0,0,0,-32.204,0.0151515,0.0833333,0,0,0,-0.08,1.91028,0,0,0,0,0,0.0151515,0.03222,-5.9175,-0.925216,0,1.81423,-2.05385,-0.0833333,0,0,3.92817,0,0,0,0,0,0,0.0128205,0,2.00193,0,43.295,0.0714286,0,0,0,1.87797,0.0710317,0,0.0509091,1.13687e-13,0,0.0585281,0,-0.00727273,0.05,0,0,0.310603,0,0.0555556,0,0,0,0,0,0,0,0,0,0,0,-0.0714286,1.70466,0,0.124784,1.32854,-0.047619,0,0,0,0,0,
56,0,0.430741,0.774795,0.0796366,0,-0.0454545,-0.555844,0.391414,0,6.24439,0.0668534,-0.791006,0.119506,0.0285714,0.105291,1.03443,0,3.60854,0.205128,0.935739,0.0745718,0.0158103,-0.0920949,0.087422,0.412885,0.169203,38.971,-2.3077,0.0974359,0.1,0.133333,-0.0410256,-1.70405,0.107143,-0.107143,0.0291005,0.0757576,-0.102335,1.86622,0.077222,-5.80239,-0.397715,-19.566,5.40138,0,-0.82965,0,0,0.00961538,0.00961538,-1.04023,0.796484,-20.0836,0,0.0882353,0,-13.6596,0,0.0410256,0.0897414,0.0013431,0,-0.0396825,0.16004,0,0,7.10543e-15,1.77636e-15,0.991824,0,0.0606061,0,0,-0.00529101,0,0,0.0666667,0,0,-0.312232,1.11667,0.0923077,0,0,0,0,0,0,0,0.114258,0,0,0.0277778,0,0,0,-0.133333,0,0.0655951,0,0,0,0,0,2.13347,0.0111111,0.0811966,0,0.0152381,0,0,0,
57,0,0.2894,2.66925,0.481582,0,0.0833333,0.716667,2.70676,0,0.293665,0,0.0821429,0.00526316,0.0105263,-1.15046,-1.35139,0,-1.3279,2.07903,0.0714912,0,0.35699,-1.42109e-14,0.501622,-1.43223,0.604022,0.771962,-0.0690476,0.031746,0.190977,1.31178,1.13419,0.270043,0.0047619,0.019152,0.483481,0,-15.5254,0.646847,0,0,0.057265,0.304295,0.217853,0.00526316,0,0,-0.103571,0.0297619,0,0.733189,24.3269,0,0,0.107883,0,0,-6.60418,-0.994737,0.27881,0.119048,0,0,0,0,-0.0833333,0.302,0.221429,0.70732,0,-1.11371,-0.0666667,-0.371036,0.0130952,0,-10.7322,-1.94058,0.0487118,0,0.117956,0.000937951,0,0,0,0.05,0.0128205,0,0,0,-0.10098,0,0,0.0325397,0,0,0,0,0,0.00589226,0,0.0333333,0.166667,0.0190476,-1.06327,-0.0227427,0.0130952,0.327405,0,-0.0157201,0,0,0,
58,0,0.120848,0.371212,-0.319481,0,0.166667,0,0.688599,0,0.171429,0,0,0.12864,0.214855,1.02252,0.658862,0,12.9485,-0.8213,0,-0.472483,0.236938,0.727355,0.0467015,0.23028,0.117671,0.012895,0.266996,-3.0415,-15.8035,0,0.426218,0.0171495,-0.29329,0.263921,0.004329,0,6.76784,0.19523,0,0.133333,0,-0.157576,0.849587,-0.119737,0,0,0.110663,0.014881,0,0.113921,3.33021,0.175,0,0.69018,0,0.0380952,0.11062,-9.03566,0.785921,-0.171429,0,0,0,0,0.190476,0,0.014881,0,0,0.017316,0,0.147417,0.0565476,0,0.0297619,0,0,0,-2.9435,0.0297619,-0.329004,0,0.061594,0,0,0,0,0,-0.214286,0,0,-0.247619,0,0,0,0,0,0,0,0.0384615,0,0,1.02178,0.124098,0.0857143,0.148214,0,0.012987,0,-0.166667,0,
59,0,3.91171,18.7877,1.94745,0,0.744222,0.803517,2.53462,0,-7.20899,0.00867197,4.29872,1.04499,0.860523,11.3616,0.808842,0.0666667,69.3584,4.56053,1.20955,0.135337,0.636354,0.873011,-6.68573,18.506,-6.5722,2.63749,4.92805,1.93757,1.35694,0.736764,1.62277,2.46807,-0.60496,0.633634,14.3607,5.46007,-3.67703,3.97618,0.74512,0.816722,0.683181,0.537262,0.269609,0.344262,0.210511,0,7.01364,1.69422,-1.83443,0.80454,23.3331,0.263249,0.326652,2.15544,0.0151515,0.0606936,0.534646,-0.642735,-200.553,4.02175,0.210364,2.34218,2.54711,0,-8.83356,1.90755,0.108113,7.31359,0.1,-9.47702,-10.4056,-3.53445,3.9496,0,0.993766,3.14653,0.0128205,0.00952381,1.25721,1.91569,-0.665731,0,0.196484,1.59301,0.186111,0,1.19139,0.289703,0.0635749,0,0,0.0470588,0,0.0110056,0,0,0,0.557414,0.0848485,-0.586375,0.440476,0.152186,4.70189,-8.8447,7.5511,0.17575,0.00395257,0.59356,0,0.0666667,0,
60,0,1.51235,5.61255,0.883306,0,0.381818,-0.0428571,0.261477,0,20.5792,0,0.321068,1.35996,0.439945,-0.208297,-0.460329,0,12.2032,-17.5872,0.0818713,-0.195185,-0.0605917,0.6,-0.151032,4.55471,1.81871,2.21378,-2.05851,4.98363,-0.927542,2.10587,0.192083,0.2,-0.837033,0.578033,4.94451,0.194468,0.333333,2.68473,0.607143,0.236111,0,1.24014,-0.723077,-0.258369,0.113228,0,0.00952381,-0.235618,0.194737,0.177275,15.0612,0.0277778,0.101989,-0.147086,0,0.0380952,0.119048,0.0190476,4.24044,-44.3471,0.0968619,1.57779,0,0,0.0555556,0.160372,0.0620667,1.371,0,0.107246,-7.46922,0.107246,3.31888,0,-1.2676,-20.7573,0,0,1.27804,-0.736596,-0.372578,0,0.0240732,0.0343619,0,0,0.0227273,0.116317,0.570877,0,0,-0.157739,0,0,0,0,0,0.0102171,0,-0.166667,-3.13019,0,0.232488,1.89549,0,-0.0115956,0.0361111,0.00526316,0,0,0,
61,0,-1.79404,0.423533,-1.44968,0,-0.0412186,0,0.0626344,0,-33.2738,0,0.216667,0.156199,0.0333333,-0.0555556,1.3371,0,-1.15528,-0.214912,-0.0558824,0,0,-1.42109e-14,0,-0.511996,-0.060667,0.225601,0.166667,0.152484,0,0,1.33964,0.0876344,0.310213,0,0.668211,-0.0454545,0.0358974,0.577515,-0.494356,-0.25,0,-1.13718,0.0250639,0,0,0,0,0.552533,0,1.88849,-0.152233,0.0143369,0,0,0,0,0,0,-0.26023,-0.629923,-1.48979,-0.2,0,0,0,7.10543e-15,0,0.0222222,0,0.0454545,0.10122,0,0.00584795,0,0.0179487,0.117348,0,0,0.218244,0.026294,0.721779,0,0,0.455604,0,0,0,0.00833333,-0.886961,0,0,-0.166667,0,0.0205882,0,0,0,0.026294,0,0,0,0,0.744872,32.7635,0.724124,0,0,0.0323529,0,0,0,
62,0,0.476366,1.60412,0.19605,0,0.0871795,0,0.0227564,0,9.18852,0,0.156666,0.186301,0.00183697,-1.81272,0.0165327,0,2.64401,0.0489207,0.0190476,0.00183697,0,0,-0.1,1.06826,0.642684,0.519529,0.0593953,0.0185055,0.00367394,0.00918485,0.0202067,0.0241453,0,0,-0.865127,0.0359244,-0.0848485,0,0.156563,0.0149573,0,0.055919,0.189092,0,0.00925926,0,0,0.00574704,0.00735294,0.0430108,0.344707,0.0380342,0.0737513,0,0,0,0,0,0.0606646,1.19565,0.0497494,-5.02493,0,0,-0.0923077,7.10543e-15,0,0.0625503,0,-0.0285714,-11.257,0,-1.26883,0,0.0242424,-0.120615,0,0,0.102237,0.0369048,0.00551091,0,0.00918485,0.018797,0,0,0,0.0375,0.575868,0,0,0,0,0,0,0,0,0.0119048,0,0,0,0,0.111027,0.358313,0,0,0,0.0047619,0,0,0,
63,0,0.095413,-7.00484,2.59185,0,0.433333,0.0047619,0.0316878,0,0.974935,-0.00266114,-17.7875,1.50353,0.010989,0.0181818,1.5927,0,2.60228,7.56663,-0.796785,0.0091954,0.940767,0.0238095,2.73853,1.52959,0.137809,2.40098,-31.0044,0.171435,0.222222,0.102343,1.41077,0.221181,-0.519776,0.646048,0.0281325,0.489508,-0.422222,0.535685,0.670744,-1.19192,4.42169,0.0917218,59.3952,2.04591,0.0539683,0,0.0125681,1.33424,0,0.527206,0.459501,-2.04673,0,-2.40747,0,0.157447,0,0,3.43529,-0.0222222,0,0,-19.9646,0,-20.1881,0.989286,0.0338801,-1.21071,0.0128205,1.45379,-0.0166667,0,0.0855917,0,0.0666667,-1.06324,0,0,-3.05291,1.10048,0.237125,0,0.243872,-1.7298,0.0277778,0,-0.452314,0.021978,0.412197,0,0,0.0277778,0,0,0,-0.627714,0,4.84757,0.5,0.935664,0,0.0444444,-0.699739,-0.679519,0.0483545,0.159518,0,0.00333333,0,0,0,
64,0,0,0,0,0,0,0,0,0,-1.13687e-13,0,0,0,0,0,0,0,0,0,0,0,0,0,0,0,0,0,0,0,0,0,0,0,0,0,0,0,0,0,0,0,0,0,2.27374e-13,0,0,0,0,0,0,0,0,0,0,0,0,0,0,0,0,0,0,0,0,0,0,0,1.77636e-15,0,0,0,0,0,0,0,0,0,0,0,0,0,0,0,0,0,0,0,0,0,0,0,0,0,0,0,0,0,0,0,0,0,0,0,0,0,0,0,0,0,0,0,0,
65,0,0.397865,3.65586,0.640508,0,0.194818,0.00833333,-0.137051,0,1.06147,0.0410396,1.75405,0.434209,0.278571,0.454475,1.17949,0,24.0195,0.900232,0.396938,0,0.570634,0.104762,0.355808,0.745229,0.180189,0.634514,17.9416,0.425253,0.444444,-0.882448,0.828506,0.404926,-0.77446,0.731034,0.256199,0.379449,-0.274169,0.401167,0.254745,0.249983,0.295094,0,18.1196,0.275235,0,0,0.0181958,0.436119,-0.125,0.39881,0.200724,0.156899,0,0.605531,0,0,0,0,-16.1778,0.0555556,0,0,-3.80346,0,-48.4076,0.365299,0.119905,0.53514,0,1.32328,-0.864204,0.141905,-0.391209,0,0.186667,1.39968,0.0659341,0,2.29509,0.599267,0,0,0.126131,-6.90566,0.0888889,0,-6.86757,0.136905,0.635796,0,0,0,0,0,0,0,0,0.15795,0.333333,0.0634921,0,0.05,-6.46309,2.52027,0.0412117,0,0,0,0,0,0,
66,0,0.537155,-10.1193,0.0205536,0,-0.101994,-0.0890655,1.34428,0,1.43038,0,0.0483066,0.633409,0.185335,0.461485,2.49859,0,44.7351,-1.25383,0.430119,-0.457206,0.340742,0.594773,-0.307033,5.01174,0.328374,0.367637,1.50401,2.07026,0,-0.566827,0.61327,0.615838,0.0128205,0.0128205,0.26483,0.22803,0.704262,0.380204,0.00410066,0,0.106364,-0.430254,-13.9009,0.414941,0.00680704,0,0.0586081,-0.0349403,-0.0909091,0.683754,-11.0508,0.447625,0.118244,5.94119,0.0128205,0,0.461322,0,1.49671,0.155525,0,0,-5.68434e-14,0,0.273763,-35.3596,0.0128205,0.565179,0,3.56868,0.0263229,-2.78243,0.100641,0,-5.03958,-0.335457,0.651233,0.0153718,0.607484,0.85902,-0.307073,0,0.262205,0.231161,0.0288462,0,0.14819,0.0661515,1.0122,0,0,0.0720798,0,0.00780112,0,0,0,0.186165,0,-0.165414,-0.166667,-3.2203,0.205609,0.751141,0.866159,-0.242523,0,0.221547,0,0,0,
67,0,0.0179636,0.806789,-0.476923,0,0.0690476,-0.2,0.992321,0,0.653221,0.00665584,0.0573593,0.292641,0.18684,0.575,1.04092,0,28.2412,-0.992302,0.135867,0,0.0290561,0.155357,-0.387716,2.00089,0.0125654,0.131975,2.14264,1.35134,0.0238095,-0.208441,0.23089,-0.103648,-0.198842,0.341238,0.178195,0.17087,0.404762,-0.270132,0,0,0,-0.543269,1.26601,0.075,0.0554834,0,0.0671055,0.0409585,-0.137009,0.141119,-19.0824,0.360714,0.0128205,0.0357143,0,0,0.0130952,0,-0.149402,0.0364287,0,0,0.0360889,0,0.0736291,0.0128205,-11.0302,-0.271398,0,0.142259,0.0264018,0.0939432,-0.0431472,0,0.225747,-6.19059,0,0,0.168025,0.569634,0.010989,0,0.227101,0.150941,0.0047619,0,-6.2083,0.0299736,0.258333,0,0,-0.101252,0,0,0,0.133333,0,0.135227,0,0.0982143,0,0.125,0.211114,0.570113,0.00665584,0.90339,0.0218097,0.00549451,0,0,0,
68,0,2.65015,20.8434,0.876528,0,-0.263572,0.487788,1.06742,0,0.404913,0,0.433779,0.174359,16.8471,18.0945,8.40202,-1.03333,32.3447,4.54953,0.0251258,-0.12414,0.533862,0.706678,0.516695,-1.78986,4.73311,-18.8166,-16.0108,1.22321,0.00758114,3.43173,2.21135,1.45267,-0.621429,0.71691,0.921762,4.06669,4.86562,1.90156,0.0946587,0.051079,0.0749795,1.50441,1.71899,0.131411,0.536503,0,-0.0461122,0.545328,-2.39448,2.45835,27.1798,1.36859,0.566452,-6.45993,0.030303,-0.383333,0.330148,0,7.18123,1.24883,0,0.0648547,-0.0909091,0,0.860271,0.871141,0.073485,-117.826,0,-9.63467,0.222418,0.184845,-9.08615,0,-5.71603,3.64376,0.131813,0.0215152,-1.22368,0.164256,-0.226425,0,0.429158,-7.61546,0.0357143,0,0.336786,0.0915584,1.25607,0,0,0.91744,0,0.0104739,0,-0.571429,0,0.140607,0,0.246032,0.409091,1.25073,2.479,2.38555,2.21566,1.86727,0.0261748,0.0866419,0,0,0,
69,0,0.0327842,-2.21237,0.152597,0,0,0.0670996,0.032197,0,-0.130303,-1.14621,-25.2476,-0.0670996,0,0,-0.117194,0,-0.419456,0.265476,1.39208,0.227193,0.050933,0.0378205,24.2923,0.211572,0.144689,0.0466937,-0.0622492,0,0,0.0567453,0.0133916,0.0614389,-0.329937,0.251815,-0.0163339,-0.0909091,0,0.1,0,-1.29686,0,0.0105263,5.49034,0.0181488,-0.004329,0,0.369859,0.130303,0,-0.216991,5.60363,0,0,0.142857,0,-0.047619,0.014881,0,1.94848,0,0,0,-1.07419,0,-0.012987,-0.00297619,0.04329,0.064881,-2.20385,0.168019,0.175,0,-0.0373377,0,0,0,0,0,1.13687e-13,0.025974,-0.269737,0,0.0148553,0,0,0,0,0,0,0,0,0,0,0,0,0,0,-1.43692,0.0757576,0,0.0416667,-0.0428571,0,-5.66083,0.22684,0.145022,0,0,0,0,0,
70,0,0.921934,16.6693,0.0529469,0,0.619796,16.3355,-2.68677,0,2.39331,0.0108225,0.98642,1.14776,0.735181,8.5396,4.48326,0,51.7213,-0.458059,0.577244,-0.5213,0.874463,1.08365,4.486,11.0784,0.776328,1.44903,4.53036,1.05923,0,0.528858,1.50083,-9.62592,0.126633,0.124238,0.563339,59.1664,1.30546,0.267871,0.00552314,0,-0.148323,0.182283,-12.1582,0.420073,0.17511,0,0.108774,0.051263,0.0477411,2.41834,17.4243,1.08526,0.366332,-7.61234,-1.13718,0.0833333,0.0941251,0.0181818,-15.7752,0.134753,0,0,-0.0878788,0,1.51782,3.59688,0.0942253,-9.37607,0,-145.966,-0.534815,2.64225,0.599872,0,-7.27964,-0.205008,0.572253,-0.0999171,1.44964,0.475642,-0.482665,0,0.553377,0.473904,0.0047619,0,-3.2122,0.0718928,1.49827,0,0,0.0630767,0,0.000904568,0,0.0123839,0,0.247792,0,-0.223088,0.107143,-9.7512,0.565392,3.2302,-7.49195,-0.0368179,0,0.361956,0,0,0,
71,0,0.757121,-0.85128,0.515459,0,0.241026,0.047619,0.0455128,0,28.8899,0,0.343379,0.527573,0.935439,-15.5069,0.0556877,0.0222222,-1.19225,0.00225343,0.0457841,0.303483,0.0404814,-0.535565,0.13464,2.79487,2.9132,1.16582,-0.0260936,-1.32014,-0.0415197,0.0778946,0.0507148,0.0653625,0.179091,-0.0819192,-19.7385,-0.705703,-0.080726,0,0.364845,0.208486,0.00410066,0.286409,9.60175,0.158778,-0.8157,0,0,-0.712675,0.336894,-0.0352955,7.22495,-0.0710669,-0.575771,0.507409,0,0,0,0,35.7182,-8.87334,0.117356,-2.51246,0,0,0.474991,0.0263229,0.0280702,-0.826405,0,3.39158,-37.5784,0.985258,-13.3489,0,0.207435,-0.66398,0,0,0.209448,0.240586,0.466003,0,-0.0335897,0.037594,0,0,0,0.075,1.18664,0,0,-0.145468,0,0.000904568,0,0,0,0.0279102,0,0,0.233261,0.122944,-0.450034,4.01356,0.0226745,0.27709,0,0.0126898,0,0,0,
72,0,0.801121,3.01469,0.121171,0,0.228749,0.00833333,0.194256,0,1.66577,0,0,0.205097,0.358845,3.23242,0.45736,0,41.3827,-0.461813,0.0130719,0.108778,0.188804,0.640934,0.57931,1.16798,0.311644,0.00813039,0.586986,2.01463,0.429073,0.0601185,1.0996,0.582383,0.0695159,0.0479097,0.291935,0.3,-4.91405,0.0902417,0,0,0,0.00770897,1.53292,0.0827262,0.0373737,0,0.0500287,0.19181,0.0732139,1.1629,1.84859,0.330556,-0.0769433,-9.36324,0,0,0.0183584,-0.745661,-9.01112,0.106181,0,0,0,0,0.317973,-5.05298,0.0189432,-0.0972231,0,2.23005,-0.596952,-27.7574,0.387078,0,0.472012,-0.836894,0,-0.255678,0.344879,-7.42476,-0.712396,0,0.282842,0.328661,0.1375,0,0.0636863,0.0661765,0.674608,0,0,0.0047619,0,0,0,0.00902256,0,0.26126,0,-0.047619,0,0.261805,0.623188,1.38161,-5.99238,-0.141111,0,-0.0817184,0,0,0,
73,0,4.02944,23.5709,0.471793,0,0.15868,0.00526316,0.0809125,0,6.74317,0.0904762,0.66339,0.0980421,0.866962,11.3196,-0.177226,-0.1,12.6257,2.32871,0.251924,0.145474,0.680462,-0.0802966,0.63055,5.20465,1.57312,0.789239,3.8587,4.19589,0.10787,0.505666,0.928824,0.0109317,-0.447924,0.755577,4.91379,0.795615,-0.60192,0.0845794,0.00985528,0.0435735,0.277371,0.620673,3.10781,1.58279,-6.19919,0,0.0864004,0.135189,-0.0776898,3.40025,7.41977,-0.339454,-4.7635,4.66021,0,0,0.0130952,0,3.76803,3.63468,0.00584795,0.431686,0.0856597,0,-0.347619,0.543495,0.31247,-12.7579,0,-0.115574,-6.26467,0.402715,-65.4343,0,-0.329957,-16.8463,0,0,0.208912,0.0157887,0.33226,0,0.565078,0.0254301,0.00653595,0,0.0689389,0.0339713,2.71863,0,0,-0.377003,0,0.00348259,0,0.320256,0,0.358709,0,0,0.040404,2.47777,-14.2407,3.05723,0.400709,-0.200371,0.00833333,0.0315606,0,0,0,
74,0,0,0,0,0,0,0,0,0,0,0,0,0,0,0,0,0,0,0,0,0,0,0,0,0,0,0,0,0,0,0,0,0,0,0,0,0,0,0,0,0,0,0,0,0,0,0,0,0,0,0,0,0,0,0,0,0,0,0,0,0,0,0,0,0,0,0,0,0,0,0,0,0,0,0,0,0,0,0,0,0,0,0,0,0,0,0,0,0,0,0,0,0,0,0,0,0,0,0,0,0,0,0,0,0,0,0,0,0,0,0,0,
75,0,0.292875,4.90235,0.215095,0,-0.0143606,1.08129,-4.8516,0,4.36358,0,0.135818,0.0151515,0.648012,1.33496,-11.2315,0,22.3598,2.0211,1.37391,0.192597,0.602257,-0.0363757,0.402147,31.6997,2.11582,1.02808,1.45136,2.3974,0.0501253,3.67244,2.43684,0.0164945,-0.516471,0.556946,0.178413,1.8393,3.77799,-0.95174,0,0,0,0.383085,3.17123,0.0151515,0,0,0.526792,0.347145,0.108634,1.69145,19.8086,0.100118,-0.0376364,-2.87782,0.0151515,0,-2.27576,0,0.887443,-0.129259,0,0,0,0,0.202899,-9.44939,0.271436,-5.72382,0,-9.18164,0.189505,0.47486,0.236981,0,-62.3535,-15.0436,-2.23872,0.0102907,-1.56274,0.0611081,-0.031105,0,0.198405,0.330512,0,0,0.812194,0.124289,1.74358,0,0,-0.473379,0,0,0,0.262918,0,0.030303,0,0.122222,0.47679,0.0791113,1.54056,2.46738,0.142215,0.564069,0.0305556,0.391519,0,0,0,
76,0,3.16627,12.394,0.179228,0.133333,1.01829,0.450468,2.59117,0,14.5375,0,0.906558,1.5268,-0.200354,2.31259,-16.9471,0.0222222,38.9704,8.25012,1.16067,0.536617,2.75195,0.804482,0.885837,1.44731,4.14164,2.37576,3.96796,28.2124,0.969423,15.452,6.80044,1.39033,-14.2288,10.267,5.63772,0.427797,1.3378,-0.339015,0.545355,0.160237,0.0501165,1.25133,11.2168,1.71873,-0.100663,0,0.478507,-10.8736,0.753409,1.11262,24.8197,0.980966,0.448383,3.67688,0,0,-0.00734127,0,3.39325,-15.0443,0.117356,0.0232674,0.151003,0,1.34913,0.455429,-5.07203,5.95742,0,-0.0263562,1.22785,0.131736,-17.1218,0,-16.0851,-174.104,0.119576,0.0127918,4.27133,-11.2848,-0.629465,0,0.416431,3.80049,0,0,2.13813,3.1105,9.20209,0,0,-5.67707,0,0.0253549,0,13.2901,0,0.407749,0.249084,0.327869,1.20866,0.176596,4.11199,13.7969,0.480145,-4.70674,0.0235594,0.2331,0,0,0,
77,0,0.216667,0.119233,0,0,0.111217,0.0242679,0.41032,0,0.14835,0,0.0833333,0.0166667,0.266667,-0.0126984,0.660386,0,20.7799,0.0233766,-0.692331,0.0215385,0.0294872,-0.0128205,-0.0833333,1.01001,-15.6206,0.146032,0.218835,0.633333,0,-0.896825,0.312698,0.16922,0.0128205,0.0294872,0.25,0.166667,0.25,0.244444,0,0,-0.396825,0,1.29888,0.05,0,0,0,-0.233333,0,0.258175,0.37848,0.0904762,0.0281481,0.238988,0,0,0.0487118,0,-0.630037,0,0,0,0,0,0,0.608353,0,-0.493565,0,0.351595,0,0.0888889,0,0,-7.45079,-1.24109,-4.47744,0,-0.0199476,0.178077,0.0246154,0,0.146032,0.173932,0.0888889,0,0.0710564,0.004329,0.529259,0,0,0.0687464,0,0,0,0,0,0.266667,0,0.0634921,0,0.0967532,0.349231,0.398743,0,0,0,0.00615385,0,0,0,
78,0,0,0.939736,0.333333,0,-0.198367,0.0146939,0.0162244,0,-0.00918972,0.315476,0.2,1.75536,0.036151,-0.0355731,-0.89487,0,4.42614,1.69878,0.0962366,-0.288306,1.51499,-1.42109e-14,-0.1,0,0,-0.994707,2.05695,0.142218,1.23386,-0.358711,-0.80925,0.0614156,0.0634373,-0.188437,0.102767,0.0310204,0,0.05,0,0,0,-1.04089,1.64655,0.56012,0,0,0,1.41989,0,32.8633,0.692136,1.17663,0.217048,-29.3145,0,-0.05,0,0,-0.0260493,0.00395257,0,0,0,0,0,0.0153718,0,-1.14257,0,-0.943188,0,-1.01979,-0.0355731,0,-1.23534,0.01237,0,-9.38611,-9.56235,0.204396,-0.367406,0,-0.00450719,0.006185,0,0,0.0396569,0.00790514,0.22619,0,0,0,0,0,0,0,0,0.021978,0,1.04808,0,0.483333,-0.0166667,2.28855,0,0,0,0,0,0,0,
79,0,3.93223,10.8962,3.94338,0,1.40325,0.122684,-0.54819,0,-1.94681,0.190476,0.906667,4.52446,-1.58732,0.766175,-31.4418,0,40.2645,25.8546,6.04323,-18.722,4.22281,6.90043,1.12356,4.79478,0.132488,-37.9843,56.9422,30.5051,-15.0536,-23.0035,-22.3582,27.6554,0.935907,1.41154,0.498718,0.53687,8.51876,2.74312,0.397805,0.401282,2.36254,-34.1668,65.5941,1.45394,0.0774946,0,0.0961371,0.558658,0,8.13975,7.57275,4.48342,0.17253,15.7588,0,-1.70161,0.0853242,0.840093,2.346,1.41424,0.0276259,-0.0597015,2.35343,0,2.27056,0.901347,0.295212,3.27994,0,2.62793,0.21072,0.394857,0.699835,0,-0.139628,6.1087,0.0438009,-5.95275,-224.686,5.62869,-13.2899,0,-21.1304,1.81372,0,0,1.69479,-0.350733,3.93548,0,0,2.55058,0,0.05677,0,0.398168,0,0.935261,0.366667,59.7352,0,0.161905,2.09689,-1.25008,0.606197,1.63942,0,0.682393,0,-3.66667,0,
80,0,0.739502,3.24647,-0.114612,0,-0.339922,0.28957,3.29388,0,1.16016,0,0.034632,0.284772,0.275302,0.635874,2.82786,0,36.6779,1.23638,0.505509,0.596664,0.273797,2.18863,0.149038,2.76767,1.03903,-12.9333,-0.555894,3.18758,0.0641073,3.02794,1.17704,1.57523,-0.274702,0.512369,0.439414,0.0604047,0.469718,1.26135,0.0317265,0.0190476,-0.0941899,0.819041,-5.77638,0.0693851,0.070729,0.0555556,0.102087,0.500841,0.0123839,1.1653,9.72795,1.46715,0.0391434,1.62097,0,-0.403846,0.0278822,0,1.27022,-0.256439,0.0276259,0,-0.136891,0,0.253968,0.882169,0.724318,-0.490664,0,0.491673,0.232968,-4.67132,0.0517134,0,0.0440894,-10.5799,0.00307692,0.258874,1.93343,-59.4731,-7.25089,0,0.265492,0.324204,0.00833333,0,0.367141,2.41442,1.91126,0,0,0.248883,0,0.0377803,0,1.88469,0,2.13625,0.130303,0.737712,0,0.125,0.555884,4.55161,0.139064,-4.56567,0.00833333,0.170311,0,0,0,
81,0,0.300481,6.89275,1.9188,0,-0.209487,0.03,0.1865,0,2.25822,0.0207792,-1.84725,0.650469,0.038246,0.243237,2.14905,0,16.413,3.49614,2.71249,27.2959,0.671184,21.6359,1.66801,0.850285,0.066896,4.5857,3.34382,2.35164,-0.236679,1.23973,2.95067,0.232407,-0.80514,0.816384,-0.60212,0.422424,0.315369,-0.180613,0.293099,0,0.525037,0.332988,32.4633,1.06598,0.424521,-0.222222,0,0.0648865,0,-0.5601,1.25076,0.192222,0.00952381,0.746757,0,0.025641,0,0.00422833,0.734698,0.058005,-0.136905,0.00559701,0.46845,0,0,0.507635,0.010989,0.0808653,0,0.971033,0,-0.151305,0.368593,0,0.111675,-3.0551,0.034188,0.0362861,-11.8531,-12.7058,-75.0447,0,0.913153,-0.0445615,0,0,0.0995227,0.133847,0.812273,0,0,0.0222222,0,-1.3838,0,0.041292,0,-10.2905,0.3,1.47897,0,0.0666667,0.0819771,-31.2363,-0.208351,-0.664216,0,0.944645,0,0,0,
82,0,0,0,0,0,0,0,0,0,0,0,0,0,0,0,0,0,0,0,0,0,0,-1.42109e-14,-2.84217e-14,0,0,0,0,0,0,0,0,0,0,0,0,0,2.84217e-14,0,0,0,0,0,0,0,0,0,0,0,0,0,0,0,0,0,0,0,0,0,0,0,0,0,0,0,0,0,0,0,0,0,0,0,0,0,0,0,0,0,0,0,0,0,0,0,0,0,0,0,0,0,0,0,0,0,0,0,0,0,0,0,0,0,0,0,0,0,0,0,0,0,0,
83,0,0.290047,-18.5608,0.0195543,0,-0.159802,0.117209,0.211177,0,0.978415,0.0413212,-0.187458,0.925127,0.314154,-0.0760565,3.46103,0,33.8316,0.517285,0.708583,0.221515,0.280059,0.787068,-0.369825,1.06452,0.348784,5.67473,10.6319,1.73253,-0.0614689,0.216402,6.08685,0.793678,0.136661,-0.0319995,0.326431,0.662974,1.04589,0.385043,0.00456686,0,0.236668,2.44655,-10.1816,0.0916175,0.00867184,0,0.0197089,-0.117255,0,0.690471,1.72404,0.695722,0.0140907,0.646577,0,0,0,0.0614933,-0.220559,0.0240732,0,0.00962927,0.2478,0,0.0811353,0.112317,0.211868,0.416085,0,0.463582,0.00456686,0.00634249,-0.419888,0,0.206559,0.395961,0.0873016,0.288005,-9.42093,0.270196,0.589611,0,-40.4662,0.339668,0.0100251,0,-6.07808,0.140476,0.750794,0,0,0.0458874,0,0.129547,0,0,0,0.239514,0.00952381,1.17939,0,0.0277778,0.616358,0.846979,-0.0596192,0,0,0.209876,0,0,0,
84,0,0.800431,2.68632,0.131111,0,0.132143,0.0968254,0.336752,0,2.11654,0,0.372222,0.22415,0.443615,1.88187,0.748457,0,23.9057,0.230072,0.13658,0.0296491,0.20453,0.62594,0.0856655,1.96166,5.1055,0.987783,4.68682,8.08216,0.0835622,-8.86967,1.1153,0.652698,-4.37023,2.93095,0.330102,0.202299,0.633333,0.0645586,0,0.00492611,0.00333333,0.01237,1.44316,0.155935,0.0150155,0,0.0105263,-0.0582964,-0.122442,0.440837,4.95094,0.364286,0.030303,0.904969,0,0,0.05,0,0.993141,0.0336739,0.027826,0,0.135033,0,-6.02745,0.0978277,0.165669,-10.9593,0,0.166561,0.0292398,0.0341759,-0.203829,0,0.340183,2.62367,0.0405983,0.006185,1.0708,0.276304,-0.302041,0,0.17097,-41.133,0.075,0,0.213258,0.168132,0.923655,0,0,-0.144372,0,0.00238095,0,0.129913,0,0.0445265,0,0.0658009,0,0.120635,0.367263,-6.72984,0.00248559,0.100417,0.0630435,0.0202262,0,0,0,
85,0.00246305,0.0481117,0.17019,-14.1611,0,0.0904762,0.010989,0.100916,0,0.44986,-0.266825,0.0454545,0.052381,0,0.0831197,0.0400794,0,13.1156,-1.4886,0,0,0.0237411,0.0333333,-0.0454545,0.214449,0.23141,0.031746,0.242986,1.05,0.00246305,0.0381773,0.164964,0.231309,0,0.00738916,0.0163519,0.00952381,0.189744,0.249451,0.0130719,0,-0.197543,0,-0.583212,0.0382594,0.010989,0,0,0.00833333,0,0.107845,-0.150385,0.0666667,0,0.0888889,0,0,0.0128205,0,0.146795,0,0,0,0.0277778,0,0.189744,0.025,0.0047619,0.0357143,0,0.0750611,0,0.0564103,0.00653595,0,0,0,0,0,0.0892857,0.108333,0,0,0.027381,0.0638889,-2.53868,0,0,0.0638889,0.21913,0,0,0,0,0,0,0,0,0.259091,0,-0.0892857,0,0.05,0.22381,0.538307,0.00833333,0.00833333,0,0,0,0,0,
86,0,0.3,-0.373954,0,0,0.114286,0,0.107143,0,0.716728,0,0.0454545,0.0166667,0.0166667,0.111966,0.025,0,17.7206,0,0,0,0.0416667,0.0333333,-0.0454545,0.180556,0.238553,0.0138889,0.180556,0.230952,0,0,-17.7206,-0.0857143,0,0.0166667,0.025,0,0.189744,0.0571429,0,0,-0.396825,0,-0.354315,0.05,0,0,0,0,0,0.208333,-0.764633,0.0904762,0,0.197222,0,0,0,0,-5.68434e-14,0,0,0,0,0,0.189744,0,0,0,0,0.111966,0,0.0980769,0,0,0,0,0,0,-1.82143,0.157143,0,0,0,0.254365,0.0888889,0,0,0.075,0.5,0,0,0,0,0,0,0,0,0.316234,0,0,0,0,-0.0857143,-0.696379,0,0,0,-0.375,0,0,0,
87,0,0.79546,1.76136,0.518609,0,0.187187,0.542473,-6.25397,0,1.10217,-0.161255,0.481521,-8.4026,0.344322,0.362741,1.08813,0,66.6752,-0.67358,-0.197899,0.216157,0.409317,0.16737,0.238857,-8.54354,0.597169,0.923624,-7.80212,2.53254,0.0165631,0.182079,1.49534,0.518902,0.0580586,0.010989,0.383333,-4.00627,0.519161,0.237908,0,0,0.00178253,0.1414,5.7061,0.110989,0,0,-0.119589,0.271673,0.136043,1.55385,3.24205,0.0889874,0,0.587997,0.181818,0,0,0,0.614995,0.0238095,0,0,0.504684,0,-3.65267,0.155883,-2.47914,-0.108371,0,-3.2875,0,0.0613553,0.0802808,0,0.189413,-0.297855,0.0827301,0.0417015,-1.88095,0.464408,0.102344,0,-6.14535,0.379061,0.152381,0,-48.7007,0.463685,1.35833,0,0,0.105659,0,0,0,-0.333333,0,0.569697,0,0.135623,0,0.379648,1.71534,0.541114,0.0699042,0.536452,0,-0.0709781,0,0,0,
88,0,0.827892,1.52169,0.670013,0,0.248307,0.1041,2.56821,0,0.84183,-0.22123,0.140232,-8.86651,0,0.0811129,-7.20876,0,31.2813,-0.787232,-0.170555,0.016908,0.362456,0.0392593,0.0489901,0.901226,-11.3959,0.454416,2.17107,2.354,0.00790514,-0.109624,0.29381,0.239229,0.103477,0.00952381,0.383846,0.00757576,0.461657,0.231486,0,0,-0.243781,0.159259,0.454314,0.0333333,0,0.0091954,-0.28269,-5.81322,0.073913,0.959688,7.0319,0.144322,0.010989,0.502325,0,0,0,0,-0.195606,0.129296,0,0,0.021978,0,0.333333,0.07034,0.0313853,0.0952695,0,0.225649,0.0705882,0.109091,0.0358289,0,-0.11359,0.776633,0.004329,0.00790514,-1.28729,2.37669,0.139151,0,0.0312912,0.330433,0.1375,0,0.41967,-21.6617,1.10007,0,0,0.426348,0,0,0,-0.0671622,0,0.514347,0.010989,0.021978,0,0.0161047,0.471649,0.329158,0.00735294,-5.57021,0,0,0,0,0,
89,0.00246305,1.51523,2.72214,0.366554,-1.59524,66.972,1.81463,0.234878,0,-43.3647,0,0.10101,0.586145,-0.335065,0.270381,2.58839,0,5.90396,8.07774,0,0.543116,1.31245,-0.812854,0.345951,1.00009,1.77933,0.514249,15.831,11.8946,-1.44689,11.8173,2.0685,3.25853,-0.970881,1.74764,0.672351,0.106777,1.13524,0.43658,0.666667,-1.24399,3.08703,-0.504466,43.1432,1.41167,0.0685703,0,0,2.011,0,4.4914,10.7432,1.51623,-10.6287,3.90796,0,0.065873,0,0.0190476,0.982651,-1.05651,0.027826,-0.342857,0.490011,0,0.16913,0.418681,0.133333,1.07763,0,0.985756,1.37425,0.0557212,2.28778,0,1.65193,8.77905,0.0123561,0,3.87675,1.7946,0.687388,0,0.414034,0.868614,0.00246305,0,0,0.0834288,-176.521,0,0,-9.8205,0,0,0,1.36775,0,0.282863,-2.75043,0.102381,0,2.11079,0.672092,3.46118,0.0444444,0.388889,0,0.0394737,0,0,0,
90,0,0,0,0,0,0,0,0,0,0,0,0,0,0,0,0,0,0,0,0,0,0,0,0,0,0,0,0,0,0,0,0,0,0,0,0,0,0,0,0,0,0,0,2.27374e-13,0,0,0,0,0,0,0,0,0,0,0,0,0,0,0,0,0,0,0,0,0,0,0,0,0,0,0,0,0,0,0,0,0,0,0,0,0,0,0,0,0,0,0,0,0,0,0,0,0,0,0,0,0,0,0,0,0,0,0,0,0,0,0,0,0,0,0,0,
91,-2.22045e-16,5.68434e-14,0,0,0,0,0,0,0,0,0,0,0,0,0,0,0,0,0,0,0,0,0,0,0,0,0,0,0,0,0,0,0,0,0,0,0,0,0,0,0,0,0,0,0,0,0,0,0,0,0,0,0,0,0,0,0,0,0,-5.68434e-14,0,0,0,0,0,0,7.10543e-15,0,0,0,0,0,0,0,0,0,0,0,0,0,0,0,0,0,0,0,0,0,0,0,0,0,0,0,0,0,0,0,0,0,0,0,0,0,0,0,0,0,0,0,0,0,
92,0,4.83961,2.46201,-0.333333,-0.333333,2.32098,0.0897771,0.638578,0,2.63408,0,0.0555556,0,0.238095,0.893675,-1.83201,0,21.9063,0.593267,0.456461,-0.369925,3.67131,1.2,-0.0223285,-2.64237,-4.66464,0.002886,10.2201,56.4594,-0.162121,-23.6621,4.37794,4.02549,0.984598,2.47009,1.86952,-0.166667,0.398918,0.0880952,0,-0.202299,0,-0.354113,2.12681,1.82862,0.0482367,0,0.00952381,-1.16544,0.0261405,0.464835,-8.50714,0.794444,-1.3035,1.5037,0,0.0277778,0.0325397,0,0.0504202,0.264869,0,0,-0.110153,0,0,0.0713675,-0.270946,-0.155132,0,0.226511,0.0310023,-0.0197995,-2.0683,0,-1.18557,-15.9113,0.0685185,0,-1.72545,-0.380773,-0.777778,0,0.0458874,-1.21569,0,0,0.10649,0.463307,-26.9507,0,0,-29.5238,0,0,0,-8.42073,0,0.062069,-0.146154,0.0380952,0.166667,0,0.435259,0.310743,0.0100251,2.43405,0.00833333,0.0307157,0,0,0,
93,0,-0.00812325,-27.1618,-0.258824,0,0.0666667,0,0.12619,0,-0.158333,0,-0.85,0.341176,0.207843,-0.2,0.419048,0,27.1618,0,0,0,-0.0497899,0.00952381,-0.379167,-0.00595238,-0.140476,-0.022619,-0.205952,0.166667,0,0,0.0761905,0.0928571,0,-0.0176471,0.291667,-0.166667,0.454167,0.283333,0,0,-7.10543e-15,-0.533333,0.5632,0.0411765,0,0,0,0,0,0.0406863,-0.584314,0.283333,0,-0.0831232,0,0,0,0,0,0,0,0,0,0,0.304167,-0.0571429,0.075,0,0,0.305357,0,0.0375,-0.566667,0,0,0,0.0428571,0,-0.119048,0.208333,0,0,-0.0238095,0.225,0,0,0,0.0916667,0.125,0,0,0,0,0,0,0,0,-0.0833333,0,0.119048,0,0,0.0333333,-0.316667,-0.2,0,0,0,0,0,0,
94,0,0.178344,-6.21151,-0.054505,0,0.916667,0,-0.149573,0,-0.660759,0,0.632326,0.0356307,0,-0.272222,0.221517,0,-10.2308,0.434252,-1.32287,-18.7062,0.0358101,-20.9296,-0.352297,0.00173049,0.0356618,0.544704,0.15663,-0.388386,0.334495,0.202323,0.322492,-0.0954248,0.666667,-0.666667,0.111111,-0.0636135,-0.392157,0.047619,0.00270102,0,0.00781504,0.0663095,8.78752,0.335413,-0.674318,0,0,0.233816,0,0.185897,-0.426068,-0.355556,0.000918485,-0.29359,0,0,0,0,0.613472,0,0,0,0,0,0,-0.0210311,1.77636e-15,0.00918485,0,0.0978715,0.000918485,0,-0.438889,0,0,1.00734,-0.0384615,0,2.42338,2.46171,37.0542,0,0.129054,0.043232,0,0,0,0,-0.733333,0,0,0,0,-4.62366,0,0,0,0.829701,0,0.0313725,0,-0.166667,0.0101033,9.55534,0.0795142,0.15,0,-0.726696,0,0,0,
95,0,0,0,0,0,0,0,0,0,0,0,0,0,0,0,0,0,0,0,0,0,0,0,0,0,0,0,0,0,0,0,0,0,0,0,0,0,0,0,0,0,0,0,0,0,0,0,0,0,0,0,0,0,0,0,0,0,0,0,0,0,0,0,0,0,0,0,0,0,0,0,0,0,0,0,0,0,0,0,0,0,0,0,0,0,0,0,0,0,0,0,0,0,0,0,0,0,0,0,0,0,0,0,0,0,0,0,0,0,0,0,0,
96,0,0.249007,2.7503,-0.0324675,0.133333,0.94203,0.000203718,-1.71518,0,0.0573451,0,0.216739,-0.012987,0.0659341,0.222821,0.355886,0,7.40062,0,0.879552,0.0669468,0.374401,0.0333333,-0.0278369,0.72638,0.291507,0.227173,14.9947,-1.19063,-0.0666667,0.395201,0.261215,0.427789,-0.158797,0.365382,-0.0538847,0.0779221,0.0848485,-0.166667,0,0.0292647,0,0.0984349,3.16166,0.030303,0,0,0,0.0552699,-0.0208333,0.0246753,-5.46264,0.337374,0.0714286,1.31118,0,0.0555556,0,0,-0.0176471,-0.0764706,0,0,-0.0193445,0,0,7.10543e-15,0.133333,1.0076,0,0.0373538,0,0.00853485,0.36768,0,0.262918,10.7589,0,0,1.82464,0.981985,-0.0253746,0,0,0.130278,0,0,0.398813,-0.707638,-1.39043,0,0,-9.64549,0,0,0,-19.2611,0,0.0204342,0.030303,0.021978,0,0,0.643744,0.36273,0.0112045,-13.7317,0,0.0056899,0,0,0,
97,0,0,0,0,0,0,0,0,0,-1.13687e-13,0,0,0,0,0,0,0,0,0,0,0,0,0,0,0,0,2.84217e-14,0,0,0,0,-2.84217e-14,0,0,0,0,0,0,0,0,0,-7.10543e-15,0,0,0,0,0,0,0,0,0,0,0,0,0,0,0,0,0,-5.68434e-14,0,0,0,0,0,0,0,1.77636e-15,0,0,0,0,0,0,0,0,0,0,0,0,0,0,0,0,0,0,0,0,0,0,0,0,0,0,0,0,0,0,0,0,0,0,0,0,0,0,0,0,0,0,0,0,
98,0,0.216796,-12.7978,1.03796,0,-0.295116,0.0047619,0.237608,0,1.27097,0.309861,-4.81365,0.520625,0.151852,0.0578321,0.661639,0,25.4208,-0.737674,0.198139,-0.066354,0.268628,0.924943,1.45581,0.395267,0.704009,0.655137,1.11296,1.54331,0.0128205,0.0751101,1.19615,0.180753,0.0686543,0.0722461,0.382836,0.0811988,0.504963,0.9033,0.0720671,0.246653,0.250185,-0.0218218,-7.53654,0.219384,0.0885531,0.126984,0.00665584,-0.132263,0,0.64571,0.508406,0.397674,0.00410066,0.254932,0,0.0630024,0,0,0.177474,0.0102171,0.0276259,0,4.88245,0,0.0189394,0.118336,0.130465,0.103297,0,0.239271,0.0268279,0.0549132,-0.424954,0,0.0266075,0.380952,0.0714286,0.0238095,-0.915607,1.85218,-4.35209,0,0.239103,0.39158,0,0,0,0.107143,0.321191,0,0,0,0,0.174468,0,0.0204342,0,-35.4225,0.118182,0.386946,0,0.211111,0.370512,13.3306,0.111816,0.0501247,0,0.027189,0,0,0,
99,0,-0.0522602,0.228039,0.244046,0,0.0416667,0,0,0,-2.0832,0,0.0909091,0.206028,-0.0333333,-0.0333333,0.42302,0,1.12366,2.83341,0,0.0112045,0.221542,-1.42109e-14,-0.0245189,0.198262,0.0212288,0.141465,1.30783,-2.23386,-0.0571429,0.0190476,0.418747,0.352381,-0.2,0.2,0.021978,0.148626,0.0235294,0.010989,0.0833333,0.0181818,1.53153,0.0205128,13.6904,0.140317,0,0,0,0.545043,0,-0.00603318,0.16328,0,-0.518773,-0.0504202,0,0,0,0,0.790181,-0.0666667,0,0,0.0833333,0,0.333333,0.181376,0,0.0666667,0,0.285714,0,0,0,0,0.0313725,0.162504,0,0,0.183193,0.213636,0.039361,0,0.0693547,0,0,0,0,0.010989,-16.1113,0,0,-0.646154,0,0,0,0.030303,0,0.148951,-5.16753,-0.0630952,0,0,0,0.237125,0,0,0,0,0,0,0,
100,0,-0.0625,2.12898,-0.951472,0,0.231868,-0.611111,0.0699634,0,0.394797,0,0.037594,-0.402141,0.0598162,0.0333333,3.74047,0,-1.76747,2.05538,0.139962,0.184635,0.245406,-1.42109e-14,-0.425229,0.0660497,0.0952381,3.40398,8.70155,-2.21571,1.44149,1.07401,2.52847,-32.2391,-0.111111,0.111111,0,0.588263,0.166667,-0.0365529,0.271675,0,1.90147,1.45085,7.2939,0.265128,-0.0179487,0,0,1.58102,0,1.49474,-3.75126,-1.31161,0.00769231,0.395556,0,-0.0338346,0,0.0461538,0.263913,0,0,0,-0.108592,0,0.0444444,0.00284124,0,0.265201,0,-0.866448,0.0215812,0,0,0,0.130159,0.310051,0,1.69251,24.6042,0.599084,1.48488,0,1.49291,0.0777778,0,0,0.154662,0.0238095,0.0714286,0,0,0.0484848,0,0.0313725,0,0.0238095,0,-0.0432951,0.116667,-27.7157,0,0,0.176457,0.555317,0,0,0,0.1057,0,-1.83333,0,
101,0,0.0264411,0.75578,0.0468525,0,0.15,-0.0818681,0.107143,0,-0.734882,0,0.0853175,0,0,0.0291708,0.280952,0,1.86618,2.49586,0.0131579,0,0.147103,0,-0.0219445,0.191675,0.245662,0.161294,-0.0373737,0,-0.119048,1.00519,0.0572242,0.1,0,0,0.0525543,0.0659341,0.119048,1.07636,0.0666667,0.102381,0,0.00518586,0.333771,0,0,0,0,0,0.0833333,0.352554,5.06235,0,0,0.209726,0,0,0.0571429,0,0.470988,-8.1769,0,0,0,0,0.0277778,0.0801859,1.77636e-15,0.454365,0,0.0659341,-0.165468,0,0.0363636,0,0.47679,-1.4747,0,0,0.0207434,-0.0268199,0,0,0,0,0,0,0,0,-0.216667,0,0,0.166667,0,0,0,0,0,0.00510856,0,0,-6.26039,0,0,0.0229885,0,0.133507,0,0.00263158,0,0,0,
102,0.0357143,-8.31178,-13.2239,1.34998,0.047619,0.40641,0.314509,0.203923,0,1.60497,0.14067,-0.339398,-5.34013,-3.17428,3.26181,0.660388,0.05,54.4281,8.63772,-0.137421,0.0557466,0.380343,0.0630682,-0.0815954,0.883252,0.526672,0.287319,0.722582,1.4517,0,0,0.30349,0.369828,0,0,0.388793,1.43647,0.675,0.485714,0,0,0.126106,-0.419298,2.4335,-3.22149,1.04052,0.0091954,0,-0.111194,0,4.05252,2.57976,0.444844,-3.017,9.04526,-0.0769231,0,0.0200501,0,-0.00755082,0,0,0,0.0444444,0,0.444444,-3.49513,0.123077,1.01551,0,-6.98934,0.138889,0.277871,2.03107,0,0.0993761,0.188513,0.0496539,-0.219298,0.244612,0.439744,0.0666667,0,0.104261,0.380627,0,0,0.419643,0.0665376,2.43238,0,0,0,0,0,0,0,0,0.256746,0,-0.0827068,0,-62.2284,0.48935,1.79214,0.447701,0,0,0,0,0,0,
103,0,1.79973,14.7316,0.472644,0,2.1127,0.05,0.914796,0,7.4245,0,0.0178571,0.283568,0.421,0.954489,1.77973,0.0222222,47.6888,0.901546,0.0074867,0.425718,0.385729,0.727571,0.723575,-5.38415,1.28669,1.11047,-7.24951,2.31112,1.63659,0.122552,-12.3081,0.354973,-0.542858,0.72534,0.215562,-0.00627292,-8.30344,8.49972,-3.82193,0.166667,-0.0294014,0.221191,9.8018,0.498079,0.310032,0,0.87743,0.646177,0.230838,0.654202,3.24445,0.210424,0.2502,0.717847,0,0,0.0477961,-0.272028,4.13098,0.2396,0,0.111027,0.633738,0,-3.61631,0.217975,0.202655,2.38715,0,0.770052,-0.262248,0.332779,-7.47208,0,0.774124,1.8298,0.0158974,0,-0.842506,0.653634,-0.417366,0,0.666998,0.536774,0.144444,0,1.57811,0.188645,1.97183,0,0,0.43483,0,0.0117271,0,-0.376623,0,0.374856,0,0.165967,0,0.362615,-73.805,-11.2763,0.497866,0.859143,0,-0.0924591,0,0,0,
104,0.0181818,26.3292,34.9873,6.93552,0,0.501471,0.227882,0.152365,0,94.022,2.94855,-20.7151,-6.56871,0.468776,7.51028,-14.8085,0,116.974,4.79544,2.38655,3.75289,3.31464,8.95218,11.6357,0.938398,25.4306,-9.85348,8.04017,23.4841,0.981289,6.90641,-9.91359,1.67569,-17.2748,13.7045,-6.84688,0.295268,1.61048,-8.45341,1.51222,3.04733,2.98558,5.56282,42.0003,1.32479,0.98169,-1.22963,0.963017,-2.42622,0.593455,-12.8413,25.3002,1.592,0.243808,3.93701,0,0.143358,0.0342925,0.0534759,-8.94835,2.98965,-1.07729,0.430559,1.99986,0,3.47803,0.878006,0.290392,3.85564,0.312821,3.73125,0.185484,2.22341,3.74222,0,1.44342,15.8324,1.3731,0.103032,2.70994,6.17233,-20.5743,0,1.24377,4.33165,0.0422502,0,0.665896,1.41955,4.9019,0,0,0.457959,0,0.179028,0,0.211467,0,16.6549,0.129171,0.600907,0,2.18812,-9.67349,-425.627,-10.2115,0.846419,0.205107,1.95892,0,0,0,
105,0,0.88065,32.5535,0.751317,0,-0.1,0.136881,-0.390286,0,4.26768,0.00189394,0.543596,-0.290475,0.0622078,-8.92464,-0.41232,0,8.10638,0.223715,0.719092,0.296381,0.506484,0.746958,-5.86898,11.5876,1.13282,0.0880553,2.30334,0.540519,0.151161,0.0220035,8.65013,-0.433841,-0.850718,0.992623,-0.1574,1.91621,-0.324521,-0.428022,0.00699672,0.00740741,0.305455,0.579929,1.51888,0.0757895,0.318476,0,0.159705,-0.222731,0.118132,0.250723,4.44362,0.0835775,0.0226745,1.60925,-0.2,0,0.0130952,-0.0909091,6.8671,0,0,0,0.0537879,0,0.0410895,1.03589,0.00665584,1.9929,0,-8.93682,-0.977325,-6.53275,0.50213,0,-0.186077,0.413609,0,0,0.850082,-0.125082,-0.607413,0,0.448849,-0.0406192,0.00833333,0,-0.0524768,0.00735294,0.141903,0,0,0.00952381,0,0.0795003,0,0.101215,0,0.24417,0,-0.214286,0,0.839051,0.245536,-15.8468,-45.0345,0.00952381,0,-3.34405,0,0,0,
106,0,0.952711,6.40035,0.659781,0,0.996448,0.477591,-14.1186,0,0.842994,0.0130952,0.415729,-0.475658,0,0.1389,1.13438,0,8.44797,0.851443,1.07467,0.0967419,0.313749,0.0666667,0.495547,-0.535199,1.65681,1.00465,21.3529,2.12522,0.22381,1.32585,1.86738,1.50993,-0.754345,0.597985,0.430627,0.155844,-0.339043,0.00227303,0,0,0.0784188,0.886621,1.88767,0,0.0130719,0,0.143407,0.414073,0.283626,0.829767,13.3357,1.05556,0,1.1899,0,0.0891331,0.0130952,0,1.08956,-0.234278,0,0,0.173449,0,0,0.107426,1.24527,1.93183,0,-0.572965,0.0116959,-0.141111,-0.76416,0,0.67574,-2.66956,0,0,1.57329,-10.6858,-0.533089,0,0,0.0992314,0.00833333,0,0.153254,-9.11852,0.355789,0,0,2.98361,0,0,0,-3.8499,0,0.0495596,0,0.0571429,0.047619,0,0.871917,0.548217,0.0100251,-43.0678,0.0122859,0.0026455,0,0,0,
107,0,0.0442303,3.83648,0.0584416,0,0.108333,0,0,0,0.164286,0,-0.418615,-0.00468975,0.047619,0.143773,-0.135,0,5.93505,1.70799,0,0,0.0442303,0.350833,0.3175,-0.142619,-0.00104743,-0.0302538,0.297143,-0.383813,-0.0588889,-0.0898726,0.072667,-0.0538252,-19.4724,18.9005,-0.00171025,0,0.15,-0.0746189,0,0,0,0.13873,0.41254,0.0277778,0,0,0,-0.2,0.0666667,0.0799266,3.29196,0.0238095,0,1.11775,0,0,0,0,-0.0248936,0.00726496,0,0,0,0,-0.114286,7.10543e-15,0.0206192,-0.0690633,0,0,0,0,-0.0205128,0,0.0305556,-5.47511,0,0.0455556,-0.0333333,0.00833333,-0.427778,0,0.0911111,-1.46433,0,0,0,0,-0.183333,0,0,-0.125,0,0,0,0,0,0,0,0.0333333,0,0,-0.075,-6.8271,-0.0238095,-0.00993632,-1.63418,0,0,0,0,
108,0,0.265415,1.84529,0.057704,0,-0.0722222,0,0.00923077,0,2.93157,0,-0.0159578,0.186905,0.0510963,-1.29603,0.536103,0,4.25484,0.105393,2.37501,-11.0536,0.183769,0.741968,0.30008,41.558,0.225393,0.801945,0.684105,-2.17532,-0.271343,0.0867856,-27.4647,-0.905624,0.138718,-0.0546578,0.0220236,0.618634,0.353624,0.0166667,0.0898983,0.0575758,-0.770507,0.127098,4.84989,0.0321398,0.0152124,0,0.56163,0.20813,0.184066,-0.0581329,-3.25352,-0.00909091,0.00348259,0.0379044,0,0.0133333,0.00307692,0.0133038,0.556719,0.00526316,0,0,0.00333333,0,0,0.220039,0.00529101,1.30481,0,-0.704846,0.0130064,-0.560766,0.110925,0,1.29879,2.8811,0.00615385,0,-0.923444,0.171142,0.85807,0,0.217693,0.0212821,0,0,0.870848,0,0.160088,0,0,0.00740741,0,-0.174999,0,0.00584795,0,0.0290381,0,0.0992063,0,-0.025,0.192105,1.41923,-11.4816,0.00740741,0,-13.7403,0,0,0,
109,0,0,0,0,0,0,0,0,0,0,0,0,0,0,0,0,0,0,0,0,0,0,-1.42109e-14,0,0,0,0,0,0,0,0,0,0,0,0,0,0,2.84217e-14,0,0,0,0,0,0,0,0,0,0,0,0,0,0,0,0,0,0,0,0,0,0,0,0,0,0,0,0,0,0,0,0,0,0,0,0,0,0,0,0,0,0,0,0,0,0,0,0,0,0,0,0,0,0,0,0,0,0,0,0,0,0,0,0,0,0,0,0,0,0,0,0,0,0,
110,0,-5.68434e-14,1.05295,-0.625,0,0,0,0.0349817,0,0.146119,0,0,-0.385965,0.0465748,0,2.03662,0,-0.166134,0.348746,0.069981,0.0506507,0,-1.42109e-14,-0.321429,-0.361111,0.047619,1.28393,4.07408,0.953457,0.60408,0.537006,1.40312,-2.17429,0.0277778,-0.0277778,0,-0.0555556,0.2,0.0230769,0,0,0.633118,0.725426,-7.33719,-0.177632,0,0,0,0.467914,0,0.747368,1.04905,-0.0833333,0,0.197778,0,0,0,0.0230769,-0.310256,0,0,0,-0.105361,0,0,-0.119298,0,0.142857,0,-0.24812,0,0,0,0,0.0650794,0.148615,0,0.846257,9.51148,-0.00238095,0.711883,0,0.705099,0.0388889,0,0,0.077331,0.0119048,0,0,0,0.0242424,0,0.0156863,0,0.0119048,0,-0.0629371,-0.0666667,-13.1781,0,0,0.0946387,0.245928,0,0,0,0.038961,0,-3.66667,0,
111,0,0,-2.27374e-13,0,0,0,0,0,0,-1.13687e-13,0,0,0,0,0,0,0,0,0,0,0,0,0,0,0,0,0,0,0,0,0,0,0,0,0,0,0,0,0,0,0,0,0,0,0,0,0,0,0,0,0,0,0,0,0,0,0,0,0,-5.68434e-14,0,0,0,0,0,0,0,1.77636e-15,0,0,0,0,0,0,0,0,0,0,0,0,0,0,0,0,0,0,0,0,0,0,0,0,0,0,0,0,0,0,0,0,0,0,0,0,0,0,0,0,0,0,0,0,
